stress_level,method,metric,mean,ci95,n
0.0,calibrated_precontact_microslip_v5,auroc,0.548378,0.012573,10
0.0,calibrated_precontact_microslip_v5,average_precision,0.679550,0.016219,10
0.0,calibrated_precontact_microslip_v5,control_chatter,0.112035,0.001530,10
0.0,calibrated_precontact_microslip_v5,damage_rate,0.084722,0.007450,10
0.0,calibrated_precontact_microslip_v5,early_recall,0.874283,0.013075,10
0.0,calibrated_precontact_microslip_v5,ece,0.097675,0.010081,10
0.0,calibrated_precontact_microslip_v5,false_alarm_rate,0.836801,0.017451,10
0.0,calibrated_precontact_microslip_v5,gross_slip,0.355556,0.009325,10
0.0,calibrated_precontact_microslip_v5,intervention_cost,0.318267,0.002939,10
0.0,calibrated_precontact_microslip_v5,lead_time_margin,0.600894,0.002568,10
0.0,calibrated_precontact_microslip_v5,recovery_success,0.205556,0.013508,10
0.0,calibrated_precontact_microslip_v5,robust_utility,0.044258,0.018778,10
0.0,calibrated_precontact_microslip_v5,task_success,0.367222,0.015754,10
0.0,conformal_precontact_risk,auroc,0.558800,0.019980,10
0.0,conformal_precontact_risk,average_precision,0.685376,0.017765,10
0.0,conformal_precontact_risk,control_chatter,0.053610,0.001179,10
0.0,conformal_precontact_risk,damage_rate,0.101667,0.015846,10
0.0,conformal_precontact_risk,early_recall,0.735740,0.014717,10
0.0,conformal_precontact_risk,ece,0.097130,0.011723,10
0.0,conformal_precontact_risk,false_alarm_rate,0.676135,0.022559,10
0.0,conformal_precontact_risk,gross_slip,0.406111,0.011386,10
0.0,conformal_precontact_risk,intervention_cost,0.211514,0.002281,10
0.0,conformal_precontact_risk,lead_time_margin,0.546772,0.003002,10
0.0,conformal_precontact_risk,recovery_success,0.123889,0.011310,10
0.0,conformal_precontact_risk,robust_utility,-0.041989,0.016566,10
0.0,conformal_precontact_risk,task_success,0.278056,0.014821,10
0.0,ensemble_uncertainty_guard,auroc,0.556271,0.017997,10
0.0,ensemble_uncertainty_guard,average_precision,0.683189,0.017507,10
0.0,ensemble_uncertainty_guard,control_chatter,0.166725,0.001801,10
0.0,ensemble_uncertainty_guard,damage_rate,0.090000,0.010773,10
0.0,ensemble_uncertainty_guard,early_recall,0.977037,0.003952,10
0.0,ensemble_uncertainty_guard,ece,0.115252,0.008480,10
0.0,ensemble_uncertainty_guard,false_alarm_rate,0.949763,0.010685,10
0.0,ensemble_uncertainty_guard,gross_slip,0.338611,0.012818,10
0.0,ensemble_uncertainty_guard,intervention_cost,0.452592,0.003328,10
0.0,ensemble_uncertainty_guard,lead_time_margin,0.602855,0.002573,10
0.0,ensemble_uncertainty_guard,recovery_success,0.228056,0.012480,10
0.0,ensemble_uncertainty_guard,robust_utility,0.020383,0.011504,10
0.0,ensemble_uncertainty_guard,task_success,0.373611,0.010210,10
0.0,force_derivative_detector,auroc,0.510100,0.013934,10
0.0,force_derivative_detector,average_precision,0.647615,0.019275,10
0.0,force_derivative_detector,control_chatter,0.026898,0.001021,10
0.0,force_derivative_detector,damage_rate,0.118889,0.012955,10
0.0,force_derivative_detector,early_recall,0.357079,0.014619,10
0.0,force_derivative_detector,ece,0.219031,0.011885,10
0.0,force_derivative_detector,false_alarm_rate,0.348383,0.019653,10
0.0,force_derivative_detector,gross_slip,0.475000,0.018649,10
0.0,force_derivative_detector,intervention_cost,0.103858,0.002104,10
0.0,force_derivative_detector,lead_time_margin,0.495773,0.003559,10
0.0,force_derivative_detector,recovery_success,0.034167,0.004142,10
0.0,force_derivative_detector,robust_utility,-0.124640,0.018755,10
0.0,force_derivative_detector,task_success,0.194722,0.015621,10
0.0,friction_cone_margin,auroc,0.536221,0.021327,10
0.0,friction_cone_margin,average_precision,0.666209,0.021773,10
0.0,friction_cone_margin,control_chatter,0.082647,0.001589,10
0.0,friction_cone_margin,damage_rate,0.089167,0.005649,10
0.0,friction_cone_margin,early_recall,0.793642,0.011814,10
0.0,friction_cone_margin,ece,0.115342,0.009263,10
0.0,friction_cone_margin,false_alarm_rate,0.753156,0.028770,10
0.0,friction_cone_margin,gross_slip,0.402222,0.012142,10
0.0,friction_cone_margin,intervention_cost,0.251763,0.003331,10
0.0,friction_cone_margin,lead_time_margin,0.540688,0.002645,10
0.0,friction_cone_margin,recovery_success,0.145556,0.007960,10
0.0,friction_cone_margin,robust_utility,-0.038910,0.008718,10
0.0,friction_cone_margin,task_success,0.288611,0.010184,10
0.0,mpc_grip_stabilizer,auroc,0.544057,0.018055,10
0.0,mpc_grip_stabilizer,average_precision,0.675937,0.018895,10
0.0,mpc_grip_stabilizer,control_chatter,0.070638,0.001750,10
0.0,mpc_grip_stabilizer,damage_rate,0.092222,0.012142,10
0.0,mpc_grip_stabilizer,early_recall,0.769663,0.011539,10
0.0,mpc_grip_stabilizer,ece,0.097509,0.010958,10
0.0,mpc_grip_stabilizer,false_alarm_rate,0.718588,0.028976,10
0.0,mpc_grip_stabilizer,gross_slip,0.354444,0.014636,10
0.0,mpc_grip_stabilizer,intervention_cost,0.282499,0.005262,10
0.0,mpc_grip_stabilizer,lead_time_margin,0.580134,0.003624,10
0.0,mpc_grip_stabilizer,recovery_success,0.198056,0.013436,10
0.0,mpc_grip_stabilizer,robust_utility,0.039297,0.016380,10
0.0,mpc_grip_stabilizer,task_success,0.347500,0.014931,10
0.0,normal_force_threshold,auroc,0.499520,0.018237,10
0.0,normal_force_threshold,average_precision,0.651898,0.022824,10
0.0,normal_force_threshold,control_chatter,0.008769,0.000939,10
0.0,normal_force_threshold,damage_rate,0.125000,0.005909,10
0.0,normal_force_threshold,early_recall,0.141319,0.014304,10
0.0,normal_force_threshold,ece,0.321279,0.015666,10
0.0,normal_force_threshold,false_alarm_rate,0.131567,0.017927,10
0.0,normal_force_threshold,gross_slip,0.513889,0.010828,10
0.0,normal_force_threshold,intervention_cost,0.063613,0.002265,10
0.0,normal_force_threshold,lead_time_margin,0.458809,0.009194,10
0.0,normal_force_threshold,recovery_success,0.011945,0.003448,10
0.0,normal_force_threshold,robust_utility,-0.158816,0.007518,10
0.0,normal_force_threshold,task_success,0.160278,0.008199,10
0.0,optical_tactile_classifier,auroc,0.562342,0.018106,10
0.0,optical_tactile_classifier,average_precision,0.684464,0.014855,10
0.0,optical_tactile_classifier,control_chatter,0.092621,0.001844,10
0.0,optical_tactile_classifier,damage_rate,0.093056,0.008207,10
0.0,optical_tactile_classifier,early_recall,0.939696,0.009405,10
0.0,optical_tactile_classifier,ece,0.165053,0.014786,10
0.0,optical_tactile_classifier,false_alarm_rate,0.901778,0.019398,10
0.0,optical_tactile_classifier,gross_slip,0.408056,0.012427,10
0.0,optical_tactile_classifier,intervention_cost,0.272956,0.003322,10
0.0,optical_tactile_classifier,lead_time_margin,0.541569,0.002012,10
0.0,optical_tactile_classifier,recovery_success,0.136945,0.009432,10
0.0,optical_tactile_classifier,robust_utility,-0.070944,0.015177,10
0.0,optical_tactile_classifier,task_success,0.274445,0.012410,10
0.0,oracle_precontact_risk,auroc,0.615105,0.017378,10
0.0,oracle_precontact_risk,average_precision,0.731853,0.021559,10
0.0,oracle_precontact_risk,control_chatter,0.065714,0.001728,10
0.0,oracle_precontact_risk,damage_rate,0.056111,0.005897,10
0.0,oracle_precontact_risk,early_recall,0.905770,0.012308,10
0.0,oracle_precontact_risk,ece,0.044658,0.009467,10
0.0,oracle_precontact_risk,false_alarm_rate,0.822844,0.022853,10
0.0,oracle_precontact_risk,gross_slip,0.209167,0.018756,10
0.0,oracle_precontact_risk,intervention_cost,0.285985,0.004087,10
0.0,oracle_precontact_risk,lead_time_margin,0.637402,0.002708,10
0.0,oracle_precontact_risk,recovery_success,0.388889,0.014586,10
0.0,oracle_precontact_risk,robust_utility,0.346907,0.015391,10
0.0,oracle_precontact_risk,task_success,0.576389,0.013118,10
0.0,particle_friction_belief,auroc,0.538898,0.025073,10
0.0,particle_friction_belief,average_precision,0.674915,0.020781,10
0.0,particle_friction_belief,control_chatter,0.086868,0.001094,10
0.0,particle_friction_belief,damage_rate,0.090000,0.007131,10
0.0,particle_friction_belief,early_recall,0.889183,0.013837,10
0.0,particle_friction_belief,ece,0.101650,0.016410,10
0.0,particle_friction_belief,false_alarm_rate,0.836796,0.017286,10
0.0,particle_friction_belief,gross_slip,0.378333,0.016329,10
0.0,particle_friction_belief,intervention_cost,0.267326,0.002020,10
0.0,particle_friction_belief,lead_time_margin,0.570551,0.002605,10
0.0,particle_friction_belief,recovery_success,0.179722,0.010951,10
0.0,particle_friction_belief,robust_utility,0.002239,0.022213,10
0.0,particle_friction_belief,task_success,0.326667,0.017392,10
0.0,precontact_microslip_v4,auroc,0.548788,0.016673,10
0.0,precontact_microslip_v4,average_precision,0.677053,0.021050,10
0.0,precontact_microslip_v4,control_chatter,0.139919,0.001260,10
0.0,precontact_microslip_v4,damage_rate,0.085278,0.008397,10
0.0,precontact_microslip_v4,early_recall,0.865118,0.008433,10
0.0,precontact_microslip_v4,ece,0.111786,0.013780,10
0.0,precontact_microslip_v4,false_alarm_rate,0.803416,0.016144,10
0.0,precontact_microslip_v4,gross_slip,0.374445,0.009562,10
0.0,precontact_microslip_v4,intervention_cost,0.380967,0.002897,10
0.0,precontact_microslip_v4,lead_time_margin,0.611463,0.002444,10
0.0,precontact_microslip_v4,recovery_success,0.175555,0.010065,10
0.0,precontact_microslip_v4,robust_utility,-0.024382,0.011501,10
0.0,precontact_microslip_v4,task_success,0.320000,0.011181,10
0.0,recovery_aware_grasp_mpc,auroc,0.531056,0.011582,10
0.0,recovery_aware_grasp_mpc,average_precision,0.674681,0.009312,10
0.0,recovery_aware_grasp_mpc,control_chatter,0.088304,0.002115,10
0.0,recovery_aware_grasp_mpc,damage_rate,0.081389,0.008514,10
0.0,recovery_aware_grasp_mpc,early_recall,0.842307,0.014121,10
0.0,recovery_aware_grasp_mpc,ece,0.113277,0.014613,10
0.0,recovery_aware_grasp_mpc,false_alarm_rate,0.809016,0.022392,10
0.0,recovery_aware_grasp_mpc,gross_slip,0.318333,0.012016,10
0.0,recovery_aware_grasp_mpc,intervention_cost,0.334294,0.005827,10
0.0,recovery_aware_grasp_mpc,lead_time_margin,0.591964,0.002242,10
0.0,recovery_aware_grasp_mpc,recovery_success,0.250000,0.017726,10
0.0,recovery_aware_grasp_mpc,robust_utility,0.116513,0.017861,10
0.0,recovery_aware_grasp_mpc,task_success,0.419167,0.016917,10
0.0,tactile_temporal_filter,auroc,0.527215,0.016535,10
0.0,tactile_temporal_filter,average_precision,0.656579,0.021667,10
0.0,tactile_temporal_filter,control_chatter,0.045138,0.001254,10
0.0,tactile_temporal_filter,damage_rate,0.110000,0.009507,10
0.0,tactile_temporal_filter,early_recall,0.610441,0.017515,10
0.0,tactile_temporal_filter,ece,0.148167,0.013591,10
0.0,tactile_temporal_filter,false_alarm_rate,0.568724,0.022316,10
0.0,tactile_temporal_filter,gross_slip,0.465833,0.018965,10
0.0,tactile_temporal_filter,intervention_cost,0.158879,0.002620,10
0.0,tactile_temporal_filter,lead_time_margin,0.478043,0.003458,10
0.0,tactile_temporal_filter,recovery_success,0.065833,0.008397,10
0.0,tactile_temporal_filter,robust_utility,-0.126823,0.013367,10
0.0,tactile_temporal_filter,task_success,0.208889,0.009867,10
0.0,vision_gap_threshold,auroc,0.556741,0.020574,10
0.0,vision_gap_threshold,average_precision,0.684627,0.019011,10
0.0,vision_gap_threshold,control_chatter,0.040772,0.002246,10
0.0,vision_gap_threshold,damage_rate,0.110833,0.011718,10
0.0,vision_gap_threshold,early_recall,0.519014,0.024229,10
0.0,vision_gap_threshold,ece,0.119573,0.014169,10
0.0,vision_gap_threshold,false_alarm_rate,0.428368,0.034616,10
0.0,vision_gap_threshold,gross_slip,0.472778,0.017384,10
0.0,vision_gap_threshold,intervention_cost,0.140653,0.005049,10
0.0,vision_gap_threshold,lead_time_margin,0.552969,0.005000,10
0.0,vision_gap_threshold,recovery_success,0.067778,0.007038,10
0.0,vision_gap_threshold,robust_utility,-0.108978,0.015653,10
0.0,vision_gap_threshold,task_success,0.218611,0.010677,10
0.2,calibrated_precontact_microslip_v5,auroc,0.561688,0.020669,10
0.2,calibrated_precontact_microslip_v5,average_precision,0.724399,0.025077,10
0.2,calibrated_precontact_microslip_v5,control_chatter,0.116879,0.002461,10
0.2,calibrated_precontact_microslip_v5,damage_rate,0.085833,0.007971,10
0.2,calibrated_precontact_microslip_v5,early_recall,0.906347,0.012499,10
0.2,calibrated_precontact_microslip_v5,ece,0.091555,0.012057,10
0.2,calibrated_precontact_microslip_v5,false_alarm_rate,0.868211,0.023277,10
0.2,calibrated_precontact_microslip_v5,gross_slip,0.375833,0.016355,10
0.2,calibrated_precontact_microslip_v5,intervention_cost,0.326752,0.004515,10
0.2,calibrated_precontact_microslip_v5,lead_time_margin,0.550906,0.002131,10
0.2,calibrated_precontact_microslip_v5,recovery_success,0.211667,0.013306,10
0.2,calibrated_precontact_microslip_v5,robust_utility,0.008514,0.017355,10
0.2,calibrated_precontact_microslip_v5,task_success,0.340000,0.015210,10
0.2,conformal_precontact_risk,auroc,0.559345,0.022938,10
0.2,conformal_precontact_risk,average_precision,0.726443,0.030485,10
0.2,conformal_precontact_risk,control_chatter,0.055757,0.001475,10
0.2,conformal_precontact_risk,damage_rate,0.102778,0.009706,10
0.2,conformal_precontact_risk,early_recall,0.777774,0.014791,10
0.2,conformal_precontact_risk,ece,0.083907,0.013306,10
0.2,conformal_precontact_risk,false_alarm_rate,0.708938,0.017385,10
0.2,conformal_precontact_risk,gross_slip,0.431111,0.017870,10
0.2,conformal_precontact_risk,intervention_cost,0.220040,0.003137,10
0.2,conformal_precontact_risk,lead_time_margin,0.498588,0.001642,10
0.2,conformal_precontact_risk,recovery_success,0.143333,0.013730,10
0.2,conformal_precontact_risk,robust_utility,-0.062561,0.015973,10
0.2,conformal_precontact_risk,task_success,0.269167,0.014687,10
0.2,ensemble_uncertainty_guard,auroc,0.566158,0.019662,10
0.2,ensemble_uncertainty_guard,average_precision,0.725673,0.024285,10
0.2,ensemble_uncertainty_guard,control_chatter,0.170769,0.002344,10
0.2,ensemble_uncertainty_guard,damage_rate,0.093055,0.009083,10
0.2,ensemble_uncertainty_guard,early_recall,0.982873,0.003173,10
0.2,ensemble_uncertainty_guard,ece,0.111996,0.015805,10
0.2,ensemble_uncertainty_guard,false_alarm_rate,0.964952,0.012857,10
0.2,ensemble_uncertainty_guard,gross_slip,0.352778,0.015485,10
0.2,ensemble_uncertainty_guard,intervention_cost,0.454127,0.003677,10
0.2,ensemble_uncertainty_guard,lead_time_margin,0.553105,0.002316,10
0.2,ensemble_uncertainty_guard,recovery_success,0.225556,0.018108,10
0.2,ensemble_uncertainty_guard,robust_utility,-0.008736,0.012085,10
0.2,ensemble_uncertainty_guard,task_success,0.348056,0.018738,10
0.2,force_derivative_detector,auroc,0.513069,0.015906,10
0.2,force_derivative_detector,average_precision,0.698282,0.020673,10
0.2,force_derivative_detector,control_chatter,0.028535,0.002170,10
0.2,force_derivative_detector,damage_rate,0.118889,0.014029,10
0.2,force_derivative_detector,early_recall,0.397583,0.025674,10
0.2,force_derivative_detector,ece,0.234253,0.016373,10
0.2,force_derivative_detector,false_alarm_rate,0.363864,0.035986,10
0.2,force_derivative_detector,gross_slip,0.520000,0.013721,10
0.2,force_derivative_detector,intervention_cost,0.109572,0.004735,10
0.2,force_derivative_detector,lead_time_margin,0.450040,0.003129,10
0.2,force_derivative_detector,recovery_success,0.038056,0.007744,10
0.2,force_derivative_detector,robust_utility,-0.174710,0.016031,10
0.2,force_derivative_detector,task_success,0.166111,0.008920,10
0.2,friction_cone_margin,auroc,0.561378,0.019468,10
0.2,friction_cone_margin,average_precision,0.718999,0.026563,10
0.2,friction_cone_margin,control_chatter,0.087635,0.001925,10
0.2,friction_cone_margin,damage_rate,0.096667,0.006781,10
0.2,friction_cone_margin,early_recall,0.850973,0.009998,10
0.2,friction_cone_margin,ece,0.090280,0.014148,10
0.2,friction_cone_margin,false_alarm_rate,0.788841,0.022968,10
0.2,friction_cone_margin,gross_slip,0.396667,0.012303,10
0.2,friction_cone_margin,intervention_cost,0.263706,0.003550,10
0.2,friction_cone_margin,lead_time_margin,0.490782,0.002722,10
0.2,friction_cone_margin,recovery_success,0.157778,0.010576,10
0.2,friction_cone_margin,robust_utility,-0.036975,0.011560,10
0.2,friction_cone_margin,task_success,0.290833,0.007954,10
0.2,mpc_grip_stabilizer,auroc,0.545397,0.008726,10
0.2,mpc_grip_stabilizer,average_precision,0.716411,0.021928,10
0.2,mpc_grip_stabilizer,control_chatter,0.075334,0.001612,10
0.2,mpc_grip_stabilizer,damage_rate,0.086667,0.007734,10
0.2,mpc_grip_stabilizer,early_recall,0.815488,0.011136,10
0.2,mpc_grip_stabilizer,ece,0.095149,0.007446,10
0.2,mpc_grip_stabilizer,false_alarm_rate,0.778188,0.015971,10
0.2,mpc_grip_stabilizer,gross_slip,0.368611,0.012679,10
0.2,mpc_grip_stabilizer,intervention_cost,0.297972,0.003700,10
0.2,mpc_grip_stabilizer,lead_time_margin,0.531274,0.002669,10
0.2,mpc_grip_stabilizer,recovery_success,0.227500,0.011858,10
0.2,mpc_grip_stabilizer,robust_utility,0.049987,0.014284,10
0.2,mpc_grip_stabilizer,task_success,0.364444,0.011671,10
0.2,normal_force_threshold,auroc,0.499955,0.027173,10
0.2,normal_force_threshold,average_precision,0.682244,0.023780,10
0.2,normal_force_threshold,control_chatter,0.009416,0.000900,10
0.2,normal_force_threshold,damage_rate,0.124722,0.009653,10
0.2,normal_force_threshold,early_recall,0.145761,0.013854,10
0.2,normal_force_threshold,ece,0.359156,0.015625,10
0.2,normal_force_threshold,false_alarm_rate,0.152447,0.024327,10
0.2,normal_force_threshold,gross_slip,0.561944,0.019798,10
0.2,normal_force_threshold,intervention_cost,0.067040,0.001853,10
0.2,normal_force_threshold,lead_time_margin,0.409629,0.006752,10
0.2,normal_force_threshold,recovery_success,0.009444,0.002592,10
0.2,normal_force_threshold,robust_utility,-0.209336,0.018515,10
0.2,normal_force_threshold,task_success,0.133611,0.013223,10
0.2,optical_tactile_classifier,auroc,0.559132,0.024216,10
0.2,optical_tactile_classifier,average_precision,0.716188,0.027637,10
0.2,optical_tactile_classifier,control_chatter,0.094541,0.001934,10
0.2,optical_tactile_classifier,damage_rate,0.105833,0.011830,10
0.2,optical_tactile_classifier,early_recall,0.958444,0.007812,10
0.2,optical_tactile_classifier,ece,0.140375,0.011964,10
0.2,optical_tactile_classifier,false_alarm_rate,0.927589,0.014106,10
0.2,optical_tactile_classifier,gross_slip,0.435000,0.014202,10
0.2,optical_tactile_classifier,intervention_cost,0.276384,0.003279,10
0.2,optical_tactile_classifier,lead_time_margin,0.492694,0.002147,10
0.2,optical_tactile_classifier,recovery_success,0.125833,0.011479,10
0.2,optical_tactile_classifier,robust_utility,-0.118431,0.019749,10
0.2,optical_tactile_classifier,task_success,0.241667,0.017633,10
0.2,oracle_precontact_risk,auroc,0.629470,0.018151,10
0.2,oracle_precontact_risk,average_precision,0.766535,0.018651,10
0.2,oracle_precontact_risk,control_chatter,0.069191,0.001249,10
0.2,oracle_precontact_risk,damage_rate,0.043055,0.006033,10
0.2,oracle_precontact_risk,early_recall,0.956242,0.007819,10
0.2,oracle_precontact_risk,ece,0.050643,0.010996,10
0.2,oracle_precontact_risk,false_alarm_rate,0.889306,0.023505,10
0.2,oracle_precontact_risk,gross_slip,0.209167,0.011902,10
0.2,oracle_precontact_risk,intervention_cost,0.300534,0.002714,10
0.2,oracle_precontact_risk,lead_time_margin,0.589631,0.002448,10
0.2,oracle_precontact_risk,recovery_success,0.440833,0.016772,10
0.2,oracle_precontact_risk,robust_utility,0.378835,0.024273,10
0.2,oracle_precontact_risk,task_success,0.603889,0.019650,10
0.2,particle_friction_belief,auroc,0.552233,0.012820,10
0.2,particle_friction_belief,average_precision,0.719135,0.023090,10
0.2,particle_friction_belief,control_chatter,0.089933,0.001212,10
0.2,particle_friction_belief,damage_rate,0.096111,0.012098,10
0.2,particle_friction_belief,early_recall,0.916348,0.011706,10
0.2,particle_friction_belief,ece,0.093448,0.006737,10
0.2,particle_friction_belief,false_alarm_rate,0.876229,0.013228,10
0.2,particle_friction_belief,gross_slip,0.392778,0.022363,10
0.2,particle_friction_belief,intervention_cost,0.274155,0.002012,10
0.2,particle_friction_belief,lead_time_margin,0.520597,0.002467,10
0.2,particle_friction_belief,recovery_success,0.192500,0.010073,10
0.2,particle_friction_belief,robust_utility,-0.014952,0.017911,10
0.2,particle_friction_belief,task_success,0.317222,0.008229,10
0.2,precontact_microslip_v4,auroc,0.532451,0.025994,10
0.2,precontact_microslip_v4,average_precision,0.701812,0.024586,10
0.2,precontact_microslip_v4,control_chatter,0.149805,0.002659,10
0.2,precontact_microslip_v4,damage_rate,0.086944,0.008358,10
0.2,precontact_microslip_v4,early_recall,0.898732,0.013176,10
0.2,precontact_microslip_v4,ece,0.114045,0.017864,10
0.2,precontact_microslip_v4,false_alarm_rate,0.868679,0.017273,10
0.2,precontact_microslip_v4,gross_slip,0.390000,0.016755,10
0.2,precontact_microslip_v4,intervention_cost,0.398280,0.005042,10
0.2,precontact_microslip_v4,lead_time_margin,0.562005,0.002356,10
0.2,precontact_microslip_v4,recovery_success,0.193889,0.018017,10
0.2,precontact_microslip_v4,robust_utility,-0.043021,0.018263,10
0.2,precontact_microslip_v4,task_success,0.311945,0.010203,10
0.2,recovery_aware_grasp_mpc,auroc,0.540416,0.020957,10
0.2,recovery_aware_grasp_mpc,average_precision,0.708426,0.020713,10
0.2,recovery_aware_grasp_mpc,control_chatter,0.092734,0.001716,10
0.2,recovery_aware_grasp_mpc,damage_rate,0.078611,0.007485,10
0.2,recovery_aware_grasp_mpc,early_recall,0.885980,0.014322,10
0.2,recovery_aware_grasp_mpc,ece,0.099132,0.010681,10
0.2,recovery_aware_grasp_mpc,false_alarm_rate,0.850464,0.027471,10
0.2,recovery_aware_grasp_mpc,gross_slip,0.333611,0.012427,10
0.2,recovery_aware_grasp_mpc,intervention_cost,0.347481,0.004255,10
0.2,recovery_aware_grasp_mpc,lead_time_margin,0.541683,0.002269,10
0.2,recovery_aware_grasp_mpc,recovery_success,0.270833,0.014250,10
0.2,recovery_aware_grasp_mpc,robust_utility,0.118374,0.021185,10
0.2,recovery_aware_grasp_mpc,task_success,0.426945,0.018276,10
0.2,tactile_temporal_filter,auroc,0.529932,0.016636,10
0.2,tactile_temporal_filter,average_precision,0.704161,0.019076,10
0.2,tactile_temporal_filter,control_chatter,0.047521,0.001540,10
0.2,tactile_temporal_filter,damage_rate,0.110278,0.010615,10
0.2,tactile_temporal_filter,early_recall,0.646647,0.013539,10
0.2,tactile_temporal_filter,ece,0.152026,0.014996,10
0.2,tactile_temporal_filter,false_alarm_rate,0.611978,0.029516,10
0.2,tactile_temporal_filter,gross_slip,0.488333,0.020721,10
0.2,tactile_temporal_filter,intervention_cost,0.166237,0.002844,10
0.2,tactile_temporal_filter,lead_time_margin,0.429165,0.003115,10
0.2,tactile_temporal_filter,recovery_success,0.063611,0.005989,10
0.2,tactile_temporal_filter,robust_utility,-0.152647,0.019656,10
0.2,tactile_temporal_filter,task_success,0.194167,0.010812,10
0.2,vision_gap_threshold,auroc,0.565314,0.017165,10
0.2,vision_gap_threshold,average_precision,0.729123,0.023095,10
0.2,vision_gap_threshold,control_chatter,0.042959,0.001409,10
0.2,vision_gap_threshold,damage_rate,0.115555,0.010834,10
0.2,vision_gap_threshold,early_recall,0.546691,0.012676,10
0.2,vision_gap_threshold,ece,0.125852,0.014958,10
0.2,vision_gap_threshold,false_alarm_rate,0.456004,0.022029,10
0.2,vision_gap_threshold,gross_slip,0.492222,0.016390,10
0.2,vision_gap_threshold,intervention_cost,0.147000,0.002726,10
0.2,vision_gap_threshold,lead_time_margin,0.503977,0.005112,10
0.2,vision_gap_threshold,recovery_success,0.074167,0.006889,10
0.2,vision_gap_threshold,robust_utility,-0.133145,0.017405,10
0.2,vision_gap_threshold,task_success,0.205833,0.010596,10
0.4,calibrated_precontact_microslip_v5,auroc,0.535493,0.018622,10
0.4,calibrated_precontact_microslip_v5,average_precision,0.749746,0.017654,10
0.4,calibrated_precontact_microslip_v5,control_chatter,0.122971,0.002313,10
0.4,calibrated_precontact_microslip_v5,damage_rate,0.089166,0.007325,10
0.4,calibrated_precontact_microslip_v5,early_recall,0.930172,0.011840,10
0.4,calibrated_precontact_microslip_v5,ece,0.090079,0.011240,10
0.4,calibrated_precontact_microslip_v5,false_alarm_rate,0.915485,0.020303,10
0.4,calibrated_precontact_microslip_v5,gross_slip,0.391944,0.015914,10
0.4,calibrated_precontact_microslip_v5,intervention_cost,0.335137,0.004883,10
0.4,calibrated_precontact_microslip_v5,lead_time_margin,0.490910,0.002000,10
0.4,calibrated_precontact_microslip_v5,recovery_success,0.229722,0.011678,10
0.4,calibrated_precontact_microslip_v5,robust_utility,0.005662,0.023070,10
0.4,calibrated_precontact_microslip_v5,task_success,0.344445,0.017819,10
0.4,conformal_precontact_risk,auroc,0.558471,0.014684,10
0.4,conformal_precontact_risk,average_precision,0.761013,0.010756,10
0.4,conformal_precontact_risk,control_chatter,0.057283,0.001523,10
0.4,conformal_precontact_risk,damage_rate,0.106667,0.009610,10
0.4,conformal_precontact_risk,early_recall,0.804666,0.009419,10
0.4,conformal_precontact_risk,ece,0.077945,0.006253,10
0.4,conformal_precontact_risk,false_alarm_rate,0.740232,0.029173,10
0.4,conformal_precontact_risk,gross_slip,0.455000,0.013697,10
0.4,conformal_precontact_risk,intervention_cost,0.225897,0.003606,10
0.4,conformal_precontact_risk,lead_time_margin,0.438024,0.002131,10
0.4,conformal_precontact_risk,recovery_success,0.134167,0.015228,10
0.4,conformal_precontact_risk,robust_utility,-0.111556,0.018016,10
0.4,conformal_precontact_risk,task_success,0.230833,0.012611,10
0.4,ensemble_uncertainty_guard,auroc,0.548983,0.013847,10
0.4,ensemble_uncertainty_guard,average_precision,0.757174,0.010288,10
0.4,ensemble_uncertainty_guard,control_chatter,0.176036,0.001155,10
0.4,ensemble_uncertainty_guard,damage_rate,0.090833,0.006793,10
0.4,ensemble_uncertainty_guard,early_recall,0.990309,0.003526,10
0.4,ensemble_uncertainty_guard,ece,0.109890,0.013215,10
0.4,ensemble_uncertainty_guard,false_alarm_rate,0.976782,0.009940,10
0.4,ensemble_uncertainty_guard,gross_slip,0.390000,0.012631,10
0.4,ensemble_uncertainty_guard,intervention_cost,0.454997,0.001747,10
0.4,ensemble_uncertainty_guard,lead_time_margin,0.491974,0.001996,10
0.4,ensemble_uncertainty_guard,recovery_success,0.245278,0.014012,10
0.4,ensemble_uncertainty_guard,robust_utility,-0.020920,0.011697,10
0.4,ensemble_uncertainty_guard,task_success,0.347222,0.009038,10
0.4,force_derivative_detector,auroc,0.547681,0.015143,10
0.4,force_derivative_detector,average_precision,0.758946,0.010801,10
0.4,force_derivative_detector,control_chatter,0.029206,0.001001,10
0.4,force_derivative_detector,damage_rate,0.123889,0.006452,10
0.4,force_derivative_detector,early_recall,0.429899,0.015564,10
0.4,force_derivative_detector,ece,0.253435,0.014639,10
0.4,force_derivative_detector,false_alarm_rate,0.353042,0.018630,10
0.4,force_derivative_detector,gross_slip,0.571389,0.012310,10
0.4,force_derivative_detector,intervention_cost,0.112862,0.002340,10
0.4,force_derivative_detector,lead_time_margin,0.389946,0.004400,10
0.4,force_derivative_detector,recovery_success,0.040000,0.008002,10
0.4,force_derivative_detector,robust_utility,-0.217958,0.018482,10
0.4,force_derivative_detector,task_success,0.147222,0.014519,10
0.4,friction_cone_margin,auroc,0.520957,0.023266,10
0.4,friction_cone_margin,average_precision,0.744623,0.020720,10
0.4,friction_cone_margin,control_chatter,0.092481,0.002437,10
0.4,friction_cone_margin,damage_rate,0.103333,0.010000,10
0.4,friction_cone_margin,early_recall,0.873017,0.011629,10
0.4,friction_cone_margin,ece,0.123484,0.014372,10
0.4,friction_cone_margin,false_alarm_rate,0.851962,0.036411,10
0.4,friction_cone_margin,gross_slip,0.431111,0.010451,10
0.4,friction_cone_margin,intervention_cost,0.272200,0.004641,10
0.4,friction_cone_margin,lead_time_margin,0.429038,0.001869,10
0.4,friction_cone_margin,recovery_success,0.163333,0.011269,10
0.4,friction_cone_margin,robust_utility,-0.081355,0.017469,10
0.4,friction_cone_margin,task_success,0.265000,0.017430,10
0.4,mpc_grip_stabilizer,auroc,0.532067,0.019780,10
0.4,mpc_grip_stabilizer,average_precision,0.753473,0.018381,10
0.4,mpc_grip_stabilizer,control_chatter,0.080894,0.000919,10
0.4,mpc_grip_stabilizer,damage_rate,0.085278,0.008199,10
0.4,mpc_grip_stabilizer,early_recall,0.862887,0.011124,10
0.4,mpc_grip_stabilizer,ece,0.102615,0.011015,10
0.4,mpc_grip_stabilizer,false_alarm_rate,0.853381,0.021564,10
0.4,mpc_grip_stabilizer,gross_slip,0.383611,0.018480,10
0.4,mpc_grip_stabilizer,intervention_cost,0.314484,0.002101,10
0.4,mpc_grip_stabilizer,lead_time_margin,0.469307,0.002350,10
0.4,mpc_grip_stabilizer,recovery_success,0.234722,0.013367,10
0.4,mpc_grip_stabilizer,robust_utility,0.030076,0.016393,10
0.4,mpc_grip_stabilizer,task_success,0.352500,0.010842,10
0.4,normal_force_threshold,auroc,0.520712,0.019001,10
0.4,normal_force_threshold,average_precision,0.733049,0.020742,10
0.4,normal_force_threshold,control_chatter,0.010664,0.000988,10
0.4,normal_force_threshold,damage_rate,0.136111,0.012909,10
0.4,normal_force_threshold,early_recall,0.171878,0.012856,10
0.4,normal_force_threshold,ece,0.383791,0.009559,10
0.4,normal_force_threshold,false_alarm_rate,0.175462,0.021466,10
0.4,normal_force_threshold,gross_slip,0.580000,0.013257,10
0.4,normal_force_threshold,intervention_cost,0.072581,0.002427,10
0.4,normal_force_threshold,lead_time_margin,0.351573,0.004234,10
0.4,normal_force_threshold,recovery_success,0.013889,0.003630,10
0.4,normal_force_threshold,robust_utility,-0.224375,0.012614,10
0.4,normal_force_threshold,task_success,0.133055,0.009550,10
0.4,optical_tactile_classifier,auroc,0.554549,0.028033,10
0.4,optical_tactile_classifier,average_precision,0.753225,0.022666,10
0.4,optical_tactile_classifier,control_chatter,0.094053,0.001499,10
0.4,optical_tactile_classifier,damage_rate,0.106667,0.011045,10
0.4,optical_tactile_classifier,early_recall,0.954709,0.007667,10
0.4,optical_tactile_classifier,ece,0.114227,0.012637,10
0.4,optical_tactile_classifier,false_alarm_rate,0.916439,0.024259,10
0.4,optical_tactile_classifier,gross_slip,0.471667,0.017610,10
0.4,optical_tactile_classifier,intervention_cost,0.272713,0.002480,10
0.4,optical_tactile_classifier,lead_time_margin,0.430915,0.002052,10
0.4,optical_tactile_classifier,recovery_success,0.140000,0.015679,10
0.4,optical_tactile_classifier,robust_utility,-0.135593,0.017855,10
0.4,optical_tactile_classifier,task_success,0.234722,0.014615,10
0.4,oracle_precontact_risk,auroc,0.630099,0.015952,10
0.4,oracle_precontact_risk,average_precision,0.799776,0.014578,10
0.4,oracle_precontact_risk,control_chatter,0.071272,0.000914,10
0.4,oracle_precontact_risk,damage_rate,0.045555,0.004950,10
0.4,oracle_precontact_risk,early_recall,0.979614,0.004107,10
0.4,oracle_precontact_risk,ece,0.035713,0.007281,10
0.4,oracle_precontact_risk,false_alarm_rate,0.938942,0.008576,10
0.4,oracle_precontact_risk,gross_slip,0.226111,0.015763,10
0.4,oracle_precontact_risk,intervention_cost,0.308175,0.001353,10
0.4,oracle_precontact_risk,lead_time_margin,0.530385,0.002345,10
0.4,oracle_precontact_risk,recovery_success,0.481944,0.020294,10
0.4,oracle_precontact_risk,robust_utility,0.382023,0.015469,10
0.4,oracle_precontact_risk,task_success,0.613889,0.013311,10
0.4,particle_friction_belief,auroc,0.543450,0.020662,10
0.4,particle_friction_belief,average_precision,0.748114,0.016255,10
0.4,particle_friction_belief,control_chatter,0.094311,0.001301,10
0.4,particle_friction_belief,damage_rate,0.093889,0.009699,10
0.4,particle_friction_belief,early_recall,0.951581,0.006478,10
0.4,particle_friction_belief,ece,0.086464,0.015036,10
0.4,particle_friction_belief,false_alarm_rate,0.922590,0.016343,10
0.4,particle_friction_belief,gross_slip,0.425000,0.010006,10
0.4,particle_friction_belief,intervention_cost,0.282431,0.002165,10
0.4,particle_friction_belief,lead_time_margin,0.461098,0.002238,10
0.4,particle_friction_belief,recovery_success,0.201944,0.012911,10
0.4,particle_friction_belief,robust_utility,-0.037091,0.015702,10
0.4,particle_friction_belief,task_success,0.307500,0.013870,10
0.4,precontact_microslip_v4,auroc,0.533837,0.024407,10
0.4,precontact_microslip_v4,average_precision,0.744439,0.016354,10
0.4,precontact_microslip_v4,control_chatter,0.156837,0.002867,10
0.4,precontact_microslip_v4,damage_rate,0.089722,0.011130,10
0.4,precontact_microslip_v4,early_recall,0.923741,0.008352,10
0.4,precontact_microslip_v4,ece,0.121373,0.012637,10
0.4,precontact_microslip_v4,false_alarm_rate,0.886090,0.031431,10
0.4,precontact_microslip_v4,gross_slip,0.399444,0.023379,10
0.4,precontact_microslip_v4,intervention_cost,0.405211,0.005613,10
0.4,precontact_microslip_v4,lead_time_margin,0.501285,0.001989,10
0.4,precontact_microslip_v4,recovery_success,0.214167,0.007458,10
0.4,precontact_microslip_v4,robust_utility,-0.037327,0.018635,10
0.4,precontact_microslip_v4,task_success,0.320000,0.011643,10
0.4,recovery_aware_grasp_mpc,auroc,0.528210,0.022507,10
0.4,recovery_aware_grasp_mpc,average_precision,0.737760,0.017730,10
0.4,recovery_aware_grasp_mpc,control_chatter,0.095752,0.001764,10
0.4,recovery_aware_grasp_mpc,damage_rate,0.075278,0.007458,10
0.4,recovery_aware_grasp_mpc,early_recall,0.904872,0.012462,10
0.4,recovery_aware_grasp_mpc,ece,0.105465,0.017558,10
0.4,recovery_aware_grasp_mpc,false_alarm_rate,0.876040,0.015424,10
0.4,recovery_aware_grasp_mpc,gross_slip,0.360278,0.013775,10
0.4,recovery_aware_grasp_mpc,intervention_cost,0.353135,0.004548,10
0.4,recovery_aware_grasp_mpc,lead_time_margin,0.480686,0.002204,10
0.4,recovery_aware_grasp_mpc,recovery_success,0.289444,0.009630,10
0.4,recovery_aware_grasp_mpc,robust_utility,0.095688,0.014217,10
0.4,recovery_aware_grasp_mpc,task_success,0.412222,0.011795,10
0.4,tactile_temporal_filter,auroc,0.538754,0.024577,10
0.4,tactile_temporal_filter,average_precision,0.750409,0.020752,10
0.4,tactile_temporal_filter,control_chatter,0.048623,0.000494,10
0.4,tactile_temporal_filter,damage_rate,0.126944,0.009220,10
0.4,tactile_temporal_filter,early_recall,0.680956,0.014774,10
0.4,tactile_temporal_filter,ece,0.151251,0.015943,10
0.4,tactile_temporal_filter,false_alarm_rate,0.622255,0.021509,10
0.4,tactile_temporal_filter,gross_slip,0.532778,0.019407,10
0.4,tactile_temporal_filter,intervention_cost,0.170566,0.001234,10
0.4,tactile_temporal_filter,lead_time_margin,0.366848,0.003680,10
0.4,tactile_temporal_filter,recovery_success,0.063889,0.004870,10
0.4,tactile_temporal_filter,robust_utility,-0.198837,0.015737,10
0.4,tactile_temporal_filter,task_success,0.173333,0.007708,10
0.4,vision_gap_threshold,auroc,0.558961,0.017919,10
0.4,vision_gap_threshold,average_precision,0.754435,0.020103,10
0.4,vision_gap_threshold,control_chatter,0.042134,0.000992,10
0.4,vision_gap_threshold,damage_rate,0.131667,0.008403,10
0.4,vision_gap_threshold,early_recall,0.538269,0.012170,10
0.4,vision_gap_threshold,ece,0.159991,0.011512,10
0.4,vision_gap_threshold,false_alarm_rate,0.442835,0.021310,10
0.4,vision_gap_threshold,gross_slip,0.519444,0.011275,10
0.4,vision_gap_threshold,intervention_cost,0.145761,0.001958,10
0.4,vision_gap_threshold,lead_time_margin,0.441482,0.003352,10
0.4,vision_gap_threshold,recovery_success,0.063333,0.007066,10
0.4,vision_gap_threshold,robust_utility,-0.186117,0.014381,10
0.4,vision_gap_threshold,task_success,0.168611,0.011451,10
0.6,calibrated_precontact_microslip_v5,auroc,0.556468,0.020301,10
0.6,calibrated_precontact_microslip_v5,average_precision,0.779896,0.017810,10
0.6,calibrated_precontact_microslip_v5,control_chatter,0.127580,0.001852,10
0.6,calibrated_precontact_microslip_v5,damage_rate,0.091111,0.011784,10
0.6,calibrated_precontact_microslip_v5,early_recall,0.947252,0.010872,10
0.6,calibrated_precontact_microslip_v5,ece,0.089936,0.011509,10
0.6,calibrated_precontact_microslip_v5,false_alarm_rate,0.915738,0.012607,10
0.6,calibrated_precontact_microslip_v5,gross_slip,0.406944,0.014524,10
0.6,calibrated_precontact_microslip_v5,intervention_cost,0.338742,0.003292,10
0.6,calibrated_precontact_microslip_v5,lead_time_margin,0.432487,0.002247,10
0.6,calibrated_precontact_microslip_v5,recovery_success,0.248056,0.007078,10
0.6,calibrated_precontact_microslip_v5,robust_utility,0.004180,0.012415,10
0.6,calibrated_precontact_microslip_v5,task_success,0.348889,0.011339,10
0.6,conformal_precontact_risk,auroc,0.568759,0.018150,10
0.6,conformal_precontact_risk,average_precision,0.782399,0.014384,10
0.6,conformal_precontact_risk,control_chatter,0.059661,0.001015,10
0.6,conformal_precontact_risk,damage_rate,0.102778,0.009773,10
0.6,conformal_precontact_risk,early_recall,0.833781,0.015299,10
0.6,conformal_precontact_risk,ece,0.078808,0.008049,10
0.6,conformal_precontact_risk,false_alarm_rate,0.760312,0.037167,10
0.6,conformal_precontact_risk,gross_slip,0.465278,0.022305,10
0.6,conformal_precontact_risk,intervention_cost,0.232409,0.002538,10
0.6,conformal_precontact_risk,lead_time_margin,0.379494,0.002538,10
0.6,conformal_precontact_risk,recovery_success,0.157500,0.008893,10
0.6,conformal_precontact_risk,robust_utility,-0.091577,0.014752,10
0.6,conformal_precontact_risk,task_success,0.253611,0.011306,10
0.6,ensemble_uncertainty_guard,auroc,0.559422,0.025888,10
0.6,ensemble_uncertainty_guard,average_precision,0.784153,0.018691,10
0.6,ensemble_uncertainty_guard,control_chatter,0.182332,0.001587,10
0.6,ensemble_uncertainty_guard,damage_rate,0.088611,0.007143,10
0.6,ensemble_uncertainty_guard,early_recall,0.993667,0.002154,10
0.6,ensemble_uncertainty_guard,ece,0.103331,0.010579,10
0.6,ensemble_uncertainty_guard,false_alarm_rate,0.984592,0.009647,10
0.6,ensemble_uncertainty_guard,gross_slip,0.391944,0.015536,10
0.6,ensemble_uncertainty_guard,intervention_cost,0.456654,0.002583,10
0.6,ensemble_uncertainty_guard,lead_time_margin,0.433425,0.002259,10
0.6,ensemble_uncertainty_guard,recovery_success,0.251667,0.012579,10
0.6,ensemble_uncertainty_guard,robust_utility,-0.027070,0.018201,10
0.6,ensemble_uncertainty_guard,task_success,0.338889,0.017217,10
0.6,force_derivative_detector,auroc,0.516943,0.020848,10
0.6,force_derivative_detector,average_precision,0.752939,0.022622,10
0.6,force_derivative_detector,control_chatter,0.030524,0.001240,10
0.6,force_derivative_detector,damage_rate,0.126111,0.013117,10
0.6,force_derivative_detector,early_recall,0.408463,0.016064,10
0.6,force_derivative_detector,ece,0.277157,0.012651,10
0.6,force_derivative_detector,false_alarm_rate,0.407465,0.034839,10
0.6,force_derivative_detector,gross_slip,0.584444,0.011512,10
0.6,force_derivative_detector,intervention_cost,0.115900,0.002412,10
0.6,force_derivative_detector,lead_time_margin,0.327791,0.002194,10
0.6,force_derivative_detector,recovery_success,0.032222,0.005975,10
0.6,force_derivative_detector,robust_utility,-0.245426,0.014927,10
0.6,force_derivative_detector,task_success,0.128611,0.010615,10
0.6,friction_cone_margin,auroc,0.531267,0.022303,10
0.6,friction_cone_margin,average_precision,0.772754,0.010835,10
0.6,friction_cone_margin,control_chatter,0.098182,0.001718,10
0.6,friction_cone_margin,damage_rate,0.095833,0.008287,10
0.6,friction_cone_margin,early_recall,0.908365,0.010577,10
0.6,friction_cone_margin,ece,0.116344,0.013824,10
0.6,friction_cone_margin,false_alarm_rate,0.889080,0.025551,10
0.6,friction_cone_margin,gross_slip,0.446111,0.010588,10
0.6,friction_cone_margin,intervention_cost,0.281785,0.003319,10
0.6,friction_cone_margin,lead_time_margin,0.372036,0.002015,10
0.6,friction_cone_margin,recovery_success,0.170833,0.012606,10
0.6,friction_cone_margin,robust_utility,-0.089801,0.009680,10
0.6,friction_cone_margin,task_success,0.261389,0.009411,10
0.6,mpc_grip_stabilizer,auroc,0.526841,0.028086,10
0.6,mpc_grip_stabilizer,average_precision,0.759851,0.024438,10
0.6,mpc_grip_stabilizer,control_chatter,0.085679,0.002028,10
0.6,mpc_grip_stabilizer,damage_rate,0.085278,0.005447,10
0.6,mpc_grip_stabilizer,early_recall,0.906564,0.008524,10
0.6,mpc_grip_stabilizer,ece,0.109879,0.014383,10
0.6,mpc_grip_stabilizer,false_alarm_rate,0.878660,0.032284,10
0.6,mpc_grip_stabilizer,gross_slip,0.393889,0.012724,10
0.6,mpc_grip_stabilizer,intervention_cost,0.326576,0.004712,10
0.6,mpc_grip_stabilizer,lead_time_margin,0.412396,0.001762,10
0.6,mpc_grip_stabilizer,recovery_success,0.258333,0.012730,10
0.6,mpc_grip_stabilizer,robust_utility,0.028798,0.015492,10
0.6,mpc_grip_stabilizer,task_success,0.356945,0.013441,10
0.6,normal_force_threshold,auroc,0.505008,0.021427,10
0.6,normal_force_threshold,average_precision,0.745563,0.020920,10
0.6,normal_force_threshold,control_chatter,0.011311,0.000815,10
0.6,normal_force_threshold,damage_rate,0.141389,0.009481,10
0.6,normal_force_threshold,early_recall,0.181042,0.005831,10
0.6,normal_force_threshold,ece,0.402278,0.014556,10
0.6,normal_force_threshold,false_alarm_rate,0.188952,0.020630,10
0.6,normal_force_threshold,gross_slip,0.620000,0.016248,10
0.6,normal_force_threshold,intervention_cost,0.076315,0.001777,10
0.6,normal_force_threshold,lead_time_margin,0.297339,0.002539,10
0.6,normal_force_threshold,recovery_success,0.011389,0.002977,10
0.6,normal_force_threshold,robust_utility,-0.269029,0.013791,10
0.6,normal_force_threshold,task_success,0.110556,0.012330,10
0.6,optical_tactile_classifier,auroc,0.561642,0.031931,10
0.6,optical_tactile_classifier,average_precision,0.784583,0.019469,10
0.6,optical_tactile_classifier,control_chatter,0.096538,0.001210,10
0.6,optical_tactile_classifier,damage_rate,0.112222,0.006653,10
0.6,optical_tactile_classifier,early_recall,0.963142,0.005129,10
0.6,optical_tactile_classifier,ece,0.109408,0.010390,10
0.6,optical_tactile_classifier,false_alarm_rate,0.919616,0.012931,10
0.6,optical_tactile_classifier,gross_slip,0.481389,0.019087,10
0.6,optical_tactile_classifier,intervention_cost,0.274473,0.001899,10
0.6,optical_tactile_classifier,lead_time_margin,0.372239,0.002555,10
0.6,optical_tactile_classifier,recovery_success,0.133056,0.016201,10
0.6,optical_tactile_classifier,robust_utility,-0.152826,0.016196,10
0.6,optical_tactile_classifier,task_success,0.221944,0.017072,10
0.6,oracle_precontact_risk,auroc,0.639449,0.020588,10
0.6,oracle_precontact_risk,average_precision,0.832012,0.016595,10
0.6,oracle_precontact_risk,control_chatter,0.073842,0.000966,10
0.6,oracle_precontact_risk,damage_rate,0.041389,0.006205,10
0.6,oracle_precontact_risk,early_recall,0.993280,0.002382,10
0.6,oracle_precontact_risk,ece,0.036781,0.008036,10
0.6,oracle_precontact_risk,false_alarm_rate,0.977869,0.010134,10
0.6,oracle_precontact_risk,gross_slip,0.235556,0.011063,10
0.6,oracle_precontact_risk,intervention_cost,0.314282,0.001202,10
0.6,oracle_precontact_risk,lead_time_margin,0.472887,0.002074,10
0.6,oracle_precontact_risk,recovery_success,0.483889,0.016924,10
0.6,oracle_precontact_risk,robust_utility,0.374617,0.012965,10
0.6,oracle_precontact_risk,task_success,0.608889,0.013793,10
0.6,particle_friction_belief,auroc,0.555063,0.027019,10
0.6,particle_friction_belief,average_precision,0.777653,0.021348,10
0.6,particle_friction_belief,control_chatter,0.097889,0.001374,10
0.6,particle_friction_belief,damage_rate,0.088889,0.012521,10
0.6,particle_friction_belief,early_recall,0.963163,0.005653,10
0.6,particle_friction_belief,ece,0.077859,0.010582,10
0.6,particle_friction_belief,false_alarm_rate,0.948898,0.010761,10
0.6,particle_friction_belief,gross_slip,0.428611,0.014337,10
0.6,particle_friction_belief,intervention_cost,0.286712,0.002212,10
0.6,particle_friction_belief,lead_time_margin,0.403010,0.002115,10
0.6,particle_friction_belief,recovery_success,0.202500,0.015430,10
0.6,particle_friction_belief,robust_utility,-0.051786,0.020476,10
0.6,particle_friction_belief,task_success,0.291389,0.017641,10
0.6,precontact_microslip_v4,auroc,0.528015,0.016321,10
0.6,precontact_microslip_v4,average_precision,0.760874,0.017487,10
0.6,precontact_microslip_v4,control_chatter,0.166586,0.001722,10
0.6,precontact_microslip_v4,damage_rate,0.100555,0.011211,10
0.6,precontact_microslip_v4,early_recall,0.942497,0.005305,10
0.6,precontact_microslip_v4,ece,0.116395,0.011340,10
0.6,precontact_microslip_v4,false_alarm_rate,0.929329,0.018188,10
0.6,precontact_microslip_v4,gross_slip,0.422222,0.012038,10
0.6,precontact_microslip_v4,intervention_cost,0.415936,0.002814,10
0.6,precontact_microslip_v4,lead_time_margin,0.443058,0.002267,10
0.6,precontact_microslip_v4,recovery_success,0.223333,0.011989,10
0.6,precontact_microslip_v4,robust_utility,-0.054383,0.016638,10
0.6,precontact_microslip_v4,task_success,0.320000,0.018199,10
0.6,recovery_aware_grasp_mpc,auroc,0.533385,0.015871,10
0.6,recovery_aware_grasp_mpc,average_precision,0.767870,0.015199,10
0.6,recovery_aware_grasp_mpc,control_chatter,0.100251,0.001383,10
0.6,recovery_aware_grasp_mpc,damage_rate,0.088889,0.005681,10
0.6,recovery_aware_grasp_mpc,early_recall,0.924870,0.010585,10
0.6,recovery_aware_grasp_mpc,ece,0.103072,0.009551,10
0.6,recovery_aware_grasp_mpc,false_alarm_rate,0.904439,0.015488,10
0.6,recovery_aware_grasp_mpc,gross_slip,0.378889,0.012098,10
0.6,recovery_aware_grasp_mpc,intervention_cost,0.361189,0.002796,10
0.6,recovery_aware_grasp_mpc,lead_time_margin,0.422951,0.002209,10
0.6,recovery_aware_grasp_mpc,recovery_success,0.278611,0.022019,10
0.6,recovery_aware_grasp_mpc,robust_utility,0.065216,0.025685,10
0.6,recovery_aware_grasp_mpc,task_success,0.396389,0.023607,10
0.6,tactile_temporal_filter,auroc,0.531383,0.019924,10
0.6,tactile_temporal_filter,average_precision,0.770810,0.016655,10
0.6,tactile_temporal_filter,control_chatter,0.050327,0.001560,10
0.6,tactile_temporal_filter,damage_rate,0.114444,0.009766,10
0.6,tactile_temporal_filter,early_recall,0.685125,0.021853,10
0.6,tactile_temporal_filter,ece,0.161866,0.011588,10
0.6,tactile_temporal_filter,false_alarm_rate,0.653688,0.040057,10
0.6,tactile_temporal_filter,gross_slip,0.541389,0.011433,10
0.6,tactile_temporal_filter,intervention_cost,0.174381,0.003527,10
0.6,tactile_temporal_filter,lead_time_margin,0.309882,0.002623,10
0.6,tactile_temporal_filter,recovery_success,0.065278,0.010927,10
0.6,tactile_temporal_filter,robust_utility,-0.206577,0.012422,10
0.6,tactile_temporal_filter,task_success,0.164444,0.009353,10
0.6,vision_gap_threshold,auroc,0.571617,0.018877,10
0.6,vision_gap_threshold,average_precision,0.784636,0.018475,10
0.6,vision_gap_threshold,control_chatter,0.043548,0.001161,10
0.6,vision_gap_threshold,damage_rate,0.123889,0.010588,10
0.6,vision_gap_threshold,early_recall,0.549742,0.010595,10
0.6,vision_gap_threshold,ece,0.174265,0.009783,10
0.6,vision_gap_threshold,false_alarm_rate,0.446681,0.032863,10
0.6,vision_gap_threshold,gross_slip,0.545278,0.013038,10
0.6,vision_gap_threshold,intervention_cost,0.149054,0.002387,10
0.6,vision_gap_threshold,lead_time_margin,0.382823,0.003310,10
0.6,vision_gap_threshold,recovery_success,0.070833,0.010714,10
0.6,vision_gap_threshold,robust_utility,-0.190351,0.017931,10
0.6,vision_gap_threshold,task_success,0.172778,0.013888,10
0.8,calibrated_precontact_microslip_v5,auroc,0.535198,0.014978,10
0.8,calibrated_precontact_microslip_v5,average_precision,0.801394,0.011771,10
0.8,calibrated_precontact_microslip_v5,control_chatter,0.131647,0.000550,10
0.8,calibrated_precontact_microslip_v5,damage_rate,0.086944,0.006793,10
0.8,calibrated_precontact_microslip_v5,early_recall,0.958960,0.006438,10
0.8,calibrated_precontact_microslip_v5,ece,0.094559,0.008711,10
0.8,calibrated_precontact_microslip_v5,false_alarm_rate,0.934575,0.013270,10
0.8,calibrated_precontact_microslip_v5,gross_slip,0.411389,0.021830,10
0.8,calibrated_precontact_microslip_v5,intervention_cost,0.342006,0.001452,10
0.8,calibrated_precontact_microslip_v5,lead_time_margin,0.376345,0.001889,10
0.8,calibrated_precontact_microslip_v5,recovery_success,0.245556,0.015679,10
0.8,calibrated_precontact_microslip_v5,robust_utility,-0.005054,0.018796,10
0.8,calibrated_precontact_microslip_v5,task_success,0.336944,0.019865,10
0.8,conformal_precontact_risk,auroc,0.525718,0.014771,10
0.8,conformal_precontact_risk,average_precision,0.793643,0.009769,10
0.8,conformal_precontact_risk,control_chatter,0.062000,0.001541,10
0.8,conformal_precontact_risk,damage_rate,0.103611,0.008781,10
0.8,conformal_precontact_risk,early_recall,0.840377,0.014758,10
0.8,conformal_precontact_risk,ece,0.087401,0.008350,10
0.8,conformal_precontact_risk,false_alarm_rate,0.827661,0.024318,10
0.8,conformal_precontact_risk,gross_slip,0.490555,0.014859,10
0.8,conformal_precontact_risk,intervention_cost,0.238502,0.004006,10
0.8,conformal_precontact_risk,lead_time_margin,0.325199,0.002462,10
0.8,conformal_precontact_risk,recovery_success,0.150000,0.011246,10
0.8,conformal_precontact_risk,robust_utility,-0.126514,0.018550,10
0.8,conformal_precontact_risk,task_success,0.231111,0.015692,10
0.8,ensemble_uncertainty_guard,auroc,0.534828,0.034436,10
0.8,ensemble_uncertainty_guard,average_precision,0.803019,0.018701,10
0.8,ensemble_uncertainty_guard,control_chatter,0.186915,0.000861,10
0.8,ensemble_uncertainty_guard,damage_rate,0.091111,0.006877,10
0.8,ensemble_uncertainty_guard,early_recall,0.993179,0.002910,10
0.8,ensemble_uncertainty_guard,ece,0.110588,0.018420,10
0.8,ensemble_uncertainty_guard,false_alarm_rate,0.996227,0.003770,10
0.8,ensemble_uncertainty_guard,gross_slip,0.410278,0.020453,10
0.8,ensemble_uncertainty_guard,intervention_cost,0.456226,0.001194,10
0.8,ensemble_uncertainty_guard,lead_time_margin,0.377121,0.002079,10
0.8,ensemble_uncertainty_guard,recovery_success,0.236944,0.012363,10
0.8,ensemble_uncertainty_guard,robust_utility,-0.056801,0.012840,10
0.8,ensemble_uncertainty_guard,task_success,0.314722,0.014152,10
0.8,force_derivative_detector,auroc,0.515672,0.025912,10
0.8,force_derivative_detector,average_precision,0.789869,0.017564,10
0.8,force_derivative_detector,control_chatter,0.031819,0.001459,10
0.8,force_derivative_detector,damage_rate,0.133056,0.009515,10
0.8,force_derivative_detector,early_recall,0.436825,0.025753,10
0.8,force_derivative_detector,ece,0.290304,0.010654,10
0.8,force_derivative_detector,false_alarm_rate,0.414728,0.034273,10
0.8,force_derivative_detector,gross_slip,0.614722,0.014789,10
0.8,force_derivative_detector,intervention_cost,0.120334,0.003389,10
0.8,force_derivative_detector,lead_time_margin,0.277347,0.003439,10
0.8,force_derivative_detector,recovery_success,0.037500,0.005399,10
0.8,force_derivative_detector,robust_utility,-0.272214,0.012456,10
0.8,force_derivative_detector,task_success,0.118333,0.008711,10
0.8,friction_cone_margin,auroc,0.550819,0.026413,10
0.8,friction_cone_margin,average_precision,0.809364,0.019683,10
0.8,friction_cone_margin,control_chatter,0.100320,0.001418,10
0.8,friction_cone_margin,damage_rate,0.107778,0.011269,10
0.8,friction_cone_margin,early_recall,0.918553,0.007703,10
0.8,friction_cone_margin,ece,0.099872,0.010104,10
0.8,friction_cone_margin,false_alarm_rate,0.897797,0.015374,10
0.8,friction_cone_margin,gross_slip,0.474722,0.016058,10
0.8,friction_cone_margin,intervention_cost,0.283578,0.002679,10
0.8,friction_cone_margin,lead_time_margin,0.316323,0.002196,10
0.8,friction_cone_margin,recovery_success,0.195278,0.010615,10
0.8,friction_cone_margin,robust_utility,-0.093476,0.018406,10
0.8,friction_cone_margin,task_success,0.272778,0.013057,10
0.8,mpc_grip_stabilizer,auroc,0.520530,0.019583,10
0.8,mpc_grip_stabilizer,average_precision,0.791842,0.012837,10
0.8,mpc_grip_stabilizer,control_chatter,0.088111,0.000954,10
0.8,mpc_grip_stabilizer,damage_rate,0.094167,0.007971,10
0.8,mpc_grip_stabilizer,early_recall,0.920907,0.010754,10
0.8,mpc_grip_stabilizer,ece,0.109464,0.009768,10
0.8,mpc_grip_stabilizer,false_alarm_rate,0.911896,0.027320,10
0.8,mpc_grip_stabilizer,gross_slip,0.400555,0.012594,10
0.8,mpc_grip_stabilizer,intervention_cost,0.331749,0.003148,10
0.8,mpc_grip_stabilizer,lead_time_margin,0.355942,0.001935,10
0.8,mpc_grip_stabilizer,recovery_success,0.260833,0.019402,10
0.8,mpc_grip_stabilizer,robust_utility,0.006335,0.028863,10
0.8,mpc_grip_stabilizer,task_success,0.339167,0.020952,10
0.8,normal_force_threshold,auroc,0.510366,0.025844,10
0.8,normal_force_threshold,average_precision,0.784353,0.020770,10
0.8,normal_force_threshold,control_chatter,0.011505,0.001124,10
0.8,normal_force_threshold,damage_rate,0.133889,0.010451,10
0.8,normal_force_threshold,early_recall,0.193985,0.013665,10
0.8,normal_force_threshold,ece,0.427616,0.009531,10
0.8,normal_force_threshold,false_alarm_rate,0.185876,0.035074,10
0.8,normal_force_threshold,gross_slip,0.633611,0.011857,10
0.8,normal_force_threshold,intervention_cost,0.079165,0.002430,10
0.8,normal_force_threshold,lead_time_margin,0.237313,0.003878,10
0.8,normal_force_threshold,recovery_success,0.009167,0.001996,10
0.8,normal_force_threshold,robust_utility,-0.284611,0.010711,10
0.8,normal_force_threshold,task_success,0.097778,0.008466,10
0.8,optical_tactile_classifier,auroc,0.529828,0.028839,10
0.8,optical_tactile_classifier,average_precision,0.795005,0.017494,10
0.8,optical_tactile_classifier,control_chatter,0.097928,0.000551,10
0.8,optical_tactile_classifier,damage_rate,0.118055,0.007405,10
0.8,optical_tactile_classifier,early_recall,0.957436,0.004397,10
0.8,optical_tactile_classifier,ece,0.114321,0.013896,10
0.8,optical_tactile_classifier,false_alarm_rate,0.946534,0.019611,10
0.8,optical_tactile_classifier,gross_slip,0.513333,0.018857,10
0.8,optical_tactile_classifier,intervention_cost,0.274782,0.001194,10
0.8,optical_tactile_classifier,lead_time_margin,0.315877,0.001821,10
0.8,optical_tactile_classifier,recovery_success,0.134167,0.016172,10
0.8,optical_tactile_classifier,robust_utility,-0.177859,0.015535,10
0.8,optical_tactile_classifier,task_success,0.211111,0.016434,10
0.8,oracle_precontact_risk,auroc,0.619319,0.024905,10
0.8,oracle_precontact_risk,average_precision,0.838963,0.011749,10
0.8,oracle_precontact_risk,control_chatter,0.074188,0.000708,10
0.8,oracle_precontact_risk,damage_rate,0.045000,0.004356,10
0.8,oracle_precontact_risk,early_recall,0.998225,0.001568,10
0.8,oracle_precontact_risk,ece,0.034212,0.008512,10
0.8,oracle_precontact_risk,false_alarm_rate,0.991299,0.006447,10
0.8,oracle_precontact_risk,gross_slip,0.236944,0.012783,10
0.8,oracle_precontact_risk,intervention_cost,0.315130,0.001302,10
0.8,oracle_precontact_risk,lead_time_margin,0.417128,0.001883,10
0.8,oracle_precontact_risk,recovery_success,0.498056,0.012705,10
0.8,oracle_precontact_risk,robust_utility,0.372613,0.014526,10
0.8,oracle_precontact_risk,task_success,0.604722,0.013703,10
0.8,particle_friction_belief,auroc,0.553884,0.016512,10
0.8,particle_friction_belief,average_precision,0.806918,0.016669,10
0.8,particle_friction_belief,control_chatter,0.099561,0.000714,10
0.8,particle_friction_belief,damage_rate,0.097222,0.011649,10
0.8,particle_friction_belief,early_recall,0.970754,0.006420,10
0.8,particle_friction_belief,ece,0.075388,0.009751,10
0.8,particle_friction_belief,false_alarm_rate,0.960543,0.008976,10
0.8,particle_friction_belief,gross_slip,0.450556,0.019203,10
0.8,particle_friction_belief,intervention_cost,0.287793,0.001619,10
0.8,particle_friction_belief,lead_time_margin,0.347069,0.001842,10
0.8,particle_friction_belief,recovery_success,0.212778,0.011281,10
0.8,particle_friction_belief,robust_utility,-0.058081,0.016347,10
0.8,particle_friction_belief,task_success,0.295000,0.010822,10
0.8,precontact_microslip_v4,auroc,0.520372,0.017884,10
0.8,precontact_microslip_v4,average_precision,0.795619,0.005560,10
0.8,precontact_microslip_v4,control_chatter,0.172069,0.000878,10
0.8,precontact_microslip_v4,damage_rate,0.093056,0.010015,10
0.8,precontact_microslip_v4,early_recall,0.955404,0.007375,10
0.8,precontact_microslip_v4,ece,0.129408,0.006743,10
0.8,precontact_microslip_v4,false_alarm_rate,0.941339,0.017471,10
0.8,precontact_microslip_v4,gross_slip,0.430278,0.021078,10
0.8,precontact_microslip_v4,intervention_cost,0.419283,0.002005,10
0.8,precontact_microslip_v4,lead_time_margin,0.386793,0.001846,10
0.8,precontact_microslip_v4,recovery_success,0.221667,0.010761,10
0.8,precontact_microslip_v4,robust_utility,-0.064861,0.023891,10
0.8,precontact_microslip_v4,task_success,0.306944,0.017842,10
0.8,recovery_aware_grasp_mpc,auroc,0.522960,0.022318,10
0.8,recovery_aware_grasp_mpc,average_precision,0.791792,0.013972,10
0.8,recovery_aware_grasp_mpc,control_chatter,0.103065,0.000954,10
0.8,recovery_aware_grasp_mpc,damage_rate,0.086111,0.009395,10
0.8,recovery_aware_grasp_mpc,early_recall,0.942113,0.005047,10
0.8,recovery_aware_grasp_mpc,ece,0.115056,0.013424,10
0.8,recovery_aware_grasp_mpc,false_alarm_rate,0.926038,0.021982,10
0.8,recovery_aware_grasp_mpc,gross_slip,0.382222,0.017804,10
0.8,recovery_aware_grasp_mpc,intervention_cost,0.366213,0.002092,10
0.8,recovery_aware_grasp_mpc,lead_time_margin,0.366038,0.001954,10
0.8,recovery_aware_grasp_mpc,recovery_success,0.299444,0.015416,10
0.8,recovery_aware_grasp_mpc,robust_utility,0.063942,0.023246,10
0.8,recovery_aware_grasp_mpc,task_success,0.392778,0.016931,10
0.8,tactile_temporal_filter,auroc,0.543680,0.017080,10
0.8,tactile_temporal_filter,average_precision,0.801777,0.013083,10
0.8,tactile_temporal_filter,control_chatter,0.050572,0.000794,10
0.8,tactile_temporal_filter,damage_rate,0.123333,0.010619,10
0.8,tactile_temporal_filter,early_recall,0.699620,0.012370,10
0.8,tactile_temporal_filter,ece,0.175195,0.012602,10
0.8,tactile_temporal_filter,false_alarm_rate,0.642705,0.016670,10
0.8,tactile_temporal_filter,gross_slip,0.585000,0.016755,10
0.8,tactile_temporal_filter,intervention_cost,0.175730,0.001672,10
0.8,tactile_temporal_filter,lead_time_margin,0.255839,0.002816,10
0.8,tactile_temporal_filter,recovery_success,0.065556,0.007708,10
0.8,tactile_temporal_filter,robust_utility,-0.248333,0.010198,10
0.8,tactile_temporal_filter,task_success,0.143889,0.005493,10
0.8,vision_gap_threshold,auroc,0.536029,0.027906,10
0.8,vision_gap_threshold,average_precision,0.797531,0.016675,10
0.8,vision_gap_threshold,control_chatter,0.042087,0.002077,10
0.8,vision_gap_threshold,damage_rate,0.133611,0.010471,10
0.8,vision_gap_threshold,early_recall,0.508243,0.028711,10
0.8,vision_gap_threshold,ece,0.211186,0.016609,10
0.8,vision_gap_threshold,false_alarm_rate,0.459039,0.039489,10
0.8,vision_gap_threshold,gross_slip,0.587222,0.014202,10
0.8,vision_gap_threshold,intervention_cost,0.145826,0.004715,10
0.8,vision_gap_threshold,lead_time_margin,0.329093,0.002280,10
0.8,vision_gap_threshold,recovery_success,0.065833,0.006695,10
0.8,vision_gap_threshold,robust_utility,-0.245396,0.010566,10
0.8,vision_gap_threshold,task_success,0.139444,0.006117,10
1.0,calibrated_precontact_microslip_v5,auroc,0.529602,0.034279,10
1.0,calibrated_precontact_microslip_v5,average_precision,0.820394,0.022097,10
1.0,calibrated_precontact_microslip_v5,control_chatter,0.134927,0.001458,10
1.0,calibrated_precontact_microslip_v5,damage_rate,0.093056,0.009508,10
1.0,calibrated_precontact_microslip_v5,early_recall,0.963458,0.003873,10
1.0,calibrated_precontact_microslip_v5,ece,0.098599,0.015908,10
1.0,calibrated_precontact_microslip_v5,false_alarm_rate,0.942602,0.020208,10
1.0,calibrated_precontact_microslip_v5,gross_slip,0.448889,0.018206,10
1.0,calibrated_precontact_microslip_v5,intervention_cost,0.342382,0.002767,10
1.0,calibrated_precontact_microslip_v5,lead_time_margin,0.313718,0.002108,10
1.0,calibrated_precontact_microslip_v5,recovery_success,0.245556,0.012657,10
1.0,calibrated_precontact_microslip_v5,robust_utility,-0.049371,0.020839,10
1.0,calibrated_precontact_microslip_v5,task_success,0.308611,0.014997,10
1.0,conformal_precontact_risk,auroc,0.507216,0.026657,10
1.0,conformal_precontact_risk,average_precision,0.816182,0.017655,10
1.0,conformal_precontact_risk,control_chatter,0.061810,0.001249,10
1.0,conformal_precontact_risk,damage_rate,0.115278,0.009369,10
1.0,conformal_precontact_risk,early_recall,0.845998,0.011099,10
1.0,conformal_precontact_risk,ece,0.112662,0.016698,10
1.0,conformal_precontact_risk,false_alarm_rate,0.819412,0.020256,10
1.0,conformal_precontact_risk,gross_slip,0.525000,0.013893,10
1.0,conformal_precontact_risk,intervention_cost,0.238075,0.002998,10
1.0,conformal_precontact_risk,lead_time_margin,0.263080,0.001792,10
1.0,conformal_precontact_risk,recovery_success,0.159444,0.008403,10
1.0,conformal_precontact_risk,robust_utility,-0.151851,0.014709,10
1.0,conformal_precontact_risk,task_success,0.222222,0.014564,10
1.0,ensemble_uncertainty_guard,auroc,0.518894,0.022934,10
1.0,ensemble_uncertainty_guard,average_precision,0.821590,0.016263,10
1.0,ensemble_uncertainty_guard,control_chatter,0.191788,0.001136,10
1.0,ensemble_uncertainty_guard,damage_rate,0.090555,0.007268,10
1.0,ensemble_uncertainty_guard,early_recall,0.997673,0.001912,10
1.0,ensemble_uncertainty_guard,ece,0.105314,0.013501,10
1.0,ensemble_uncertainty_guard,false_alarm_rate,0.991916,0.005355,10
1.0,ensemble_uncertainty_guard,gross_slip,0.437500,0.013969,10
1.0,ensemble_uncertainty_guard,intervention_cost,0.455004,0.002604,10
1.0,ensemble_uncertainty_guard,lead_time_margin,0.314043,0.001728,10
1.0,ensemble_uncertainty_guard,recovery_success,0.258056,0.015747,10
1.0,ensemble_uncertainty_guard,robust_utility,-0.055279,0.014526,10
1.0,ensemble_uncertainty_guard,task_success,0.323611,0.014883,10
1.0,force_derivative_detector,auroc,0.505121,0.021429,10
1.0,force_derivative_detector,average_precision,0.815868,0.011887,10
1.0,force_derivative_detector,control_chatter,0.034057,0.001088,10
1.0,force_derivative_detector,damage_rate,0.138889,0.009218,10
1.0,force_derivative_detector,early_recall,0.461575,0.017729,10
1.0,force_derivative_detector,ece,0.313955,0.013310,10
1.0,force_derivative_detector,false_alarm_rate,0.457796,0.028417,10
1.0,force_derivative_detector,gross_slip,0.633889,0.013673,10
1.0,force_derivative_detector,intervention_cost,0.126071,0.002243,10
1.0,force_derivative_detector,lead_time_margin,0.211744,0.002723,10
1.0,force_derivative_detector,recovery_success,0.032500,0.005911,10
1.0,force_derivative_detector,robust_utility,-0.295443,0.010667,10
1.0,force_derivative_detector,task_success,0.106944,0.011165,10
1.0,friction_cone_margin,auroc,0.545552,0.023661,10
1.0,friction_cone_margin,average_precision,0.838341,0.020626,10
1.0,friction_cone_margin,control_chatter,0.103464,0.001390,10
1.0,friction_cone_margin,damage_rate,0.104167,0.010683,10
1.0,friction_cone_margin,early_recall,0.934083,0.008686,10
1.0,friction_cone_margin,ece,0.108247,0.010050,10
1.0,friction_cone_margin,false_alarm_rate,0.923080,0.021672,10
1.0,friction_cone_margin,gross_slip,0.498611,0.014614,10
1.0,friction_cone_margin,intervention_cost,0.286839,0.002716,10
1.0,friction_cone_margin,lead_time_margin,0.253534,0.001487,10
1.0,friction_cone_margin,recovery_success,0.185278,0.007659,10
1.0,friction_cone_margin,robust_utility,-0.114416,0.011548,10
1.0,friction_cone_margin,task_success,0.258333,0.007911,10
1.0,mpc_grip_stabilizer,auroc,0.501679,0.017834,10
1.0,mpc_grip_stabilizer,average_precision,0.812372,0.019433,10
1.0,mpc_grip_stabilizer,control_chatter,0.090326,0.001427,10
1.0,mpc_grip_stabilizer,damage_rate,0.095556,0.009780,10
1.0,mpc_grip_stabilizer,early_recall,0.939909,0.006926,10
1.0,mpc_grip_stabilizer,ece,0.121196,0.007056,10
1.0,mpc_grip_stabilizer,false_alarm_rate,0.924751,0.018817,10
1.0,mpc_grip_stabilizer,gross_slip,0.410000,0.014156,10
1.0,mpc_grip_stabilizer,intervention_cost,0.335674,0.003300,10
1.0,mpc_grip_stabilizer,lead_time_margin,0.293737,0.002021,10
1.0,mpc_grip_stabilizer,recovery_success,0.288333,0.009423,10
1.0,mpc_grip_stabilizer,robust_utility,0.019446,0.010388,10
1.0,mpc_grip_stabilizer,task_success,0.353611,0.016254,10
1.0,normal_force_threshold,auroc,0.508874,0.027221,10
1.0,normal_force_threshold,average_precision,0.822205,0.012779,10
1.0,normal_force_threshold,control_chatter,0.011092,0.001153,10
1.0,normal_force_threshold,damage_rate,0.141389,0.008870,10
1.0,normal_force_threshold,early_recall,0.192278,0.019659,10
1.0,normal_force_threshold,ece,0.460635,0.011698,10
1.0,normal_force_threshold,false_alarm_rate,0.176441,0.025222,10
1.0,normal_force_threshold,gross_slip,0.662500,0.010210,10
1.0,normal_force_threshold,intervention_cost,0.080429,0.002930,10
1.0,normal_force_threshold,lead_time_margin,0.174443,0.004268,10
1.0,normal_force_threshold,recovery_success,0.012222,0.003267,10
1.0,normal_force_threshold,robust_utility,-0.308770,0.017014,10
1.0,normal_force_threshold,task_success,0.089445,0.012930,10
1.0,optical_tactile_classifier,auroc,0.523178,0.017367,10
1.0,optical_tactile_classifier,average_precision,0.829330,0.014134,10
1.0,optical_tactile_classifier,control_chatter,0.098037,0.000997,10
1.0,optical_tactile_classifier,damage_rate,0.116945,0.009305,10
1.0,optical_tactile_classifier,early_recall,0.948226,0.008824,10
1.0,optical_tactile_classifier,ece,0.108636,0.011025,10
1.0,optical_tactile_classifier,false_alarm_rate,0.942579,0.019626,10
1.0,optical_tactile_classifier,gross_slip,0.519722,0.017110,10
1.0,optical_tactile_classifier,intervention_cost,0.271553,0.001763,10
1.0,optical_tactile_classifier,lead_time_margin,0.253139,0.002077,10
1.0,optical_tactile_classifier,recovery_success,0.125556,0.010195,10
1.0,optical_tactile_classifier,robust_utility,-0.198311,0.012995,10
1.0,optical_tactile_classifier,task_success,0.187222,0.007085,10
1.0,oracle_precontact_risk,auroc,0.640097,0.019369,10
1.0,oracle_precontact_risk,average_precision,0.874742,0.016918,10
1.0,oracle_precontact_risk,control_chatter,0.074098,0.000889,10
1.0,oracle_precontact_risk,damage_rate,0.044167,0.006258,10
1.0,oracle_precontact_risk,early_recall,0.998617,0.001107,10
1.0,oracle_precontact_risk,ece,0.038497,0.006720,10
1.0,oracle_precontact_risk,false_alarm_rate,1.000000,0.000000,10
1.0,oracle_precontact_risk,gross_slip,0.262500,0.013367,10
1.0,oracle_precontact_risk,intervention_cost,0.314085,0.001445,10
1.0,oracle_precontact_risk,lead_time_margin,0.354220,0.001750,10
1.0,oracle_precontact_risk,recovery_success,0.516111,0.014262,10
1.0,oracle_precontact_risk,robust_utility,0.369560,0.017180,10
1.0,oracle_precontact_risk,task_success,0.608056,0.015387,10
1.0,particle_friction_belief,auroc,0.527830,0.033036,10
1.0,particle_friction_belief,average_precision,0.822433,0.018878,10
1.0,particle_friction_belief,control_chatter,0.101631,0.001132,10
1.0,particle_friction_belief,damage_rate,0.099167,0.009975,10
1.0,particle_friction_belief,early_recall,0.984293,0.004464,10
1.0,particle_friction_belief,ece,0.081968,0.013796,10
1.0,particle_friction_belief,false_alarm_rate,0.968345,0.013625,10
1.0,particle_friction_belief,gross_slip,0.489722,0.018650,10
1.0,particle_friction_belief,intervention_cost,0.289271,0.002177,10
1.0,particle_friction_belief,lead_time_margin,0.284174,0.001852,10
1.0,particle_friction_belief,recovery_success,0.203056,0.010781,10
1.0,particle_friction_belief,robust_utility,-0.096626,0.016142,10
1.0,particle_friction_belief,task_success,0.271389,0.012548,10
1.0,precontact_microslip_v4,auroc,0.538522,0.040734,10
1.0,precontact_microslip_v4,average_precision,0.832844,0.020676,10
1.0,precontact_microslip_v4,control_chatter,0.177602,0.001565,10
1.0,precontact_microslip_v4,damage_rate,0.095833,0.012395,10
1.0,precontact_microslip_v4,early_recall,0.962013,0.007895,10
1.0,precontact_microslip_v4,ece,0.111131,0.016223,10
1.0,precontact_microslip_v4,false_alarm_rate,0.946331,0.017495,10
1.0,precontact_microslip_v4,gross_slip,0.453889,0.012683,10
1.0,precontact_microslip_v4,intervention_cost,0.420300,0.003450,10
1.0,precontact_microslip_v4,lead_time_margin,0.323900,0.001899,10
1.0,precontact_microslip_v4,recovery_success,0.213333,0.015331,10
1.0,precontact_microslip_v4,robust_utility,-0.096642,0.019436,10
1.0,precontact_microslip_v4,task_success,0.283333,0.018203,10
1.0,recovery_aware_grasp_mpc,auroc,0.520292,0.020035,10
1.0,recovery_aware_grasp_mpc,average_precision,0.823414,0.017211,10
1.0,recovery_aware_grasp_mpc,control_chatter,0.106976,0.001403,10
1.0,recovery_aware_grasp_mpc,damage_rate,0.090000,0.007665,10
1.0,recovery_aware_grasp_mpc,early_recall,0.963876,0.006733,10
1.0,recovery_aware_grasp_mpc,ece,0.116218,0.013258,10
1.0,recovery_aware_grasp_mpc,false_alarm_rate,0.954875,0.021203,10
1.0,recovery_aware_grasp_mpc,gross_slip,0.403055,0.013298,10
1.0,recovery_aware_grasp_mpc,intervention_cost,0.372651,0.003506,10
1.0,recovery_aware_grasp_mpc,lead_time_margin,0.303674,0.001686,10
1.0,recovery_aware_grasp_mpc,recovery_success,0.313056,0.011218,10
1.0,recovery_aware_grasp_mpc,robust_utility,0.046459,0.013861,10
1.0,recovery_aware_grasp_mpc,task_success,0.384167,0.011594,10
1.0,tactile_temporal_filter,auroc,0.518678,0.028032,10
1.0,tactile_temporal_filter,average_precision,0.826018,0.019384,10
1.0,tactile_temporal_filter,control_chatter,0.050645,0.001891,10
1.0,tactile_temporal_filter,damage_rate,0.133611,0.011718,10
1.0,tactile_temporal_filter,early_recall,0.688891,0.016131,10
1.0,tactile_temporal_filter,ece,0.198647,0.012112,10
1.0,tactile_temporal_filter,false_alarm_rate,0.661037,0.044295,10
1.0,tactile_temporal_filter,gross_slip,0.605556,0.021273,10
1.0,tactile_temporal_filter,intervention_cost,0.175665,0.004057,10
1.0,tactile_temporal_filter,lead_time_margin,0.192423,0.002149,10
1.0,tactile_temporal_filter,recovery_success,0.053611,0.009040,10
1.0,tactile_temporal_filter,robust_utility,-0.283012,0.016841,10
1.0,tactile_temporal_filter,task_success,0.120278,0.011218,10
1.0,vision_gap_threshold,auroc,0.538639,0.031330,10
1.0,vision_gap_threshold,average_precision,0.838427,0.019817,10
1.0,vision_gap_threshold,control_chatter,0.041486,0.001462,10
1.0,vision_gap_threshold,damage_rate,0.126944,0.008159,10
1.0,vision_gap_threshold,early_recall,0.498175,0.020358,10
1.0,vision_gap_threshold,ece,0.238990,0.012576,10
1.0,vision_gap_threshold,false_alarm_rate,0.455297,0.050002,10
1.0,vision_gap_threshold,gross_slip,0.616667,0.017044,10
1.0,vision_gap_threshold,intervention_cost,0.144989,0.002638,10
1.0,vision_gap_threshold,lead_time_margin,0.267058,0.002305,10
1.0,vision_gap_threshold,recovery_success,0.069444,0.006643,10
1.0,vision_gap_threshold,robust_utility,-0.253486,0.021289,10
1.0,vision_gap_threshold,task_success,0.139722,0.014429,10
