uid,title,abstract,year,venue,authors,doi,arxiv_id,url,source,query,query_role,family,advisor_seed,citation_count,matched_terms,retrieved_at,relevance_score,hostile_score
doi:10.1186/s40648-024-00273-3,Tactile sensor-less fingertip contact detection and force estimation for stable grasping with an under-actuated hand,"Abstract Detecting contact when fingers are approaching an object and estimating the magnitude of the force the fingers are exerting on the object after contact are important tasks for a multi-fingered robotic hand to stably grasp objects. However, for a linkage-based under-actuated robotic hand with a self-locking mechanism to realize stable grasping without using external sensors, such tasks are difficult to perform when only analyzing the robot model or only applying data-driven methods. Therefore, in this paper, a hybrid of previous approaches is used to find a solution for realizing stable grasping with an under-actuated hand. First, data from the internal sensors of a robotic hand are collected during its operation. Subsequently, using the robot model to analyze the collected data, the differences between the model and real data are explained. From the analysis, novel data-driven-b",2024,ROBOMECH Journal,Ha Thang Long Doan; Hikaru Arita; Kenji Tahara,10.1186/s40648-024-00273-3,,https://doi.org/10.1186/s40648-024-00273-3,crossref,analytical grasping,anti_myopia,anti_thesis,,3,dexterous manipulation; analytical grasping,2026-06-12T15:07:36Z,25.743,28.743
doi:10.3390/robotics8040085,Tactile-Driven Grasp Stability and Slip Prediction,"One of the challenges in robotic grasping tasks is the problem of detecting whether a grip is stable or not. The lack of stability during a manipulation operation usually causes the slippage of the grasped object due to poor contact forces. Frequently, an unstable grip can be caused by an inadequate pose of the robotic hand or by insufficient contact pressure, or both. The use of tactile data is essential to check such conditions and, therefore, predict the stability of a grasp. In this work, we present and compare different methodologies based on deep learning in order to represent and process tactile data for both stability and slip prediction.",2019,Robotics,Brayan S. Zapata-Impata; Pablo Gil; Fernando Torres,10.3390/robotics8040085,,https://doi.org/10.3390/robotics8040085,crossref,tactile language action robotics,concept,tactile,,18,,2026-06-12T14:45:03Z,26.972,26.972
doi:10.1109/lra.2022.3205768,A Soft Barometric Tactile Sensor to Simultaneously Localize Contact and Estimate Normal Force With Validation to Detect Slip in a Robotic Gripper,,2022,IEEE Robotics and Automation Letters,Thomas De Clercq; Anatolii Sianov; Guillaume Crevecoeur,10.1109/lra.2022.3205768,,https://doi.org/10.1109/lra.2022.3205768,crossref,tactile language action robotics,concept,tactile,,35,,2026-06-12T15:07:36Z,24.792,24.792
doi:10.1109/icra46639.2022.9812186,Leveraging distributed contact force measurements for slip detection: a physics-based approach enabled by a data-driven tactile sensor,,2022,2022 International Conference on Robotics and Automation (ICRA),Pietro Griffa; Carmelo Sferrazza; Raffaello D'Andrea,10.1109/icra46639.2022.9812186,,https://doi.org/10.1109/icra46639.2022.9812186,crossref,tactile language action robotics,concept,tactile,,16,,2026-06-12T15:07:36Z,24.417,24.417
doi:10.1016/j.engfailanal.2026.110526,Physical model of electrical contact friction for wear failure analysis and prediction of aerospace slip rings,,2026,Engineering Failure Analysis,Chengshang Si; Deli Zheng; Shilong Sun; Dong Wang; Wenfu Xu,10.1016/j.engfailanal.2026.110526,,https://doi.org/10.1016/j.engfailanal.2026.110526,crossref,robot foundation model failure mode,hostile,failure,,,robot foundation model; failure mode,2026-06-12T15:07:36Z,19.600,23.600
doi:10.1016/j.measurement.2024.114249,Friction coefficient estimation before gross slip for slippage prediction during prosthetic hand grasping,,2024,Measurement,Jiacheng Wu; Huixia Zhang; Ping Yu,10.1016/j.measurement.2024.114249,,https://doi.org/10.1016/j.measurement.2024.114249,crossref,analytical grasping,anti_myopia,anti_thesis,,2,analytical grasping,2026-06-12T15:07:36Z,19.549,22.549
doi:10.1109/tim.2023.3343795,A Nonarray Soft Capacitive Tactile Sensor With Simultaneous Contact Force and Location Measurement for Intelligent Robotic Grippers,"Tactile sensing is essential for robotic manipulations and human–machine interactions. It is vital to provide contact location and force information between the robotic gripper and objects for safe and effective operation. Many existing tactile sensors deploy an array of sensing units for pressure mapping and contact location recognition. However, it is still challenging to utilize such array sensors in robotic grippers for real-world applications due to the complex wiring and electronics, high cost, and low reliability. In this work, we propose a nonarray soft tactile sensor (NA-STS) that utilizes two triangle textile electrodes and a rectangle electrode to form a pair of soft capacitive pressure sensors in a differential configuration along its length. The sum of the two capacitance variations represents the amplitude of the force, whereas the difference between them represents the con",2023,IEEE Transactions on Instrumentation and Measurement,Chao Tang; Xinxin Chang; Jinxing Wang; Yulian Peng; Houping Wu; Hongbo Wang,10.1109/tim.2023.3343795,,https://doi.org/10.1109/tim.2023.3343795,openalex,robotics,concept,openalex_bulk_robotics,,29,,2026-06-12T18:57:17Z,21.001,22.001
doi:10.36227/techrxiv.22145723,A Novel Incipient Slip Degree Evaluation Method and its Application in Adaptive Control of Grasping Force,"Grasping is the most basic and important function of robots. However, the grasping performance of existing manipulators is far inferior to that of human hands. Human hands are able to evaluate the degree of incipient slip on contact surface based on tactile information during grasping process and thus regulate grasping force. As a result, humans can use the smallest possible grasping force while ensuring successful grasping, which maximizes the performance of their hands and avoids damaging the grasped object as much as possible. The existing incipient slip degree evaluation methods have certain shortcomings. So this paper proposes a novel method which can be applied to complex contact conditions where the incipient slip degree is not unidirectional and torque exists. Also, there are no restrictions on the material parameters and surface topography of the grasped object, and no need to o",,,Ruomin Sui; Lunwei Zhang; Qiyin Huang; Tiemin Li; Yao Jiang,10.36227/techrxiv.22145723,,https://doi.org/10.36227/techrxiv.22145723,crossref,analytical grasping,anti_myopia,anti_thesis,,1,force control; analytical grasping,2026-06-12T15:07:36Z,17.947,21.947
doi:10.1089/soro.2020.0213,Sim-to-Real for High-Resolution Optical Tactile Sensing: From Images to Three-Dimensional Contact Force Distributions,"The images captured by vision-based tactile sensors carry information about high-resolution tactile fields, such as the distribution of the contact forces applied to their soft sensing surface. However, extracting the information encoded in the images is challenging and often addressed with learning-based approaches, which generally require a large amount of training data. This article proposes a strategy to generate tactile images in simulation for a vision-based tactile sensor based on an internal camera that tracks the motion of spherical particles within a soft material. The deformation of the material is simulated in a finite element environment under a diverse set of contact conditions, and spherical particles are projected to a simulated image. Features extracted from the images are mapped to the three-dimensional contact force distribution, with the ground truth also obtained usi",2022,Soft Robotics,Carmelo Sferrazza; Raffaello D'Andrea,10.1089/soro.2020.0213,,https://doi.org/10.1089/soro.2020.0213,crossref,tactile language action robotics,concept,tactile,,40,,2026-06-12T14:45:03Z,20.907,21.907
doi:10.1002/aisy.202100047,Interactive Force Control Based on Multimodal Robot Skin for Physical Human−Robot Collaboration,"This work proposes and realizes a control architecture that can support the deployment of a large‐scale robot skin in a Human‐Robot Collaboration scenario. It is shown, how whole‐body tactile feedback can extend the capabilities of robots during dynamic interactions by providing information about multiple contacts across the robot's surface. Specifically, an uncalibrated skin system is used to implement stable force control while simultaneously handling the multi‐contact interactions of a user. The system formulates control tasks for force control, tactile guidance, collision avoidance, and compliance, and fuses them with a multi‐priority redundancy resolution strategy. The approach is evaluated on an omnidirectional mobile‐manipulator with dual arms covered with robot skin. Results are assessed under dynamic conditions, showing that multi‐modal tactile information enables robust force c",2022,Advanced Intelligent Systems,Simon Armleder; Emmanuel Dean-Leon; Florian Bergner; Gordon Cheng,10.1002/aisy.202100047,,https://doi.org/10.1002/aisy.202100047,crossref,hybrid systems robot control manipulation,anti_myopia,control,,25,force control; hybrid systems; deployment,2026-06-12T15:07:36Z,17.629,21.629
doi:10.1299/jsmermd.2005.68_2,"1P1-N-102 Thermal Tactile Presentation Based on Prediction of Contact Surface Temperature : On-Site Parameters Identification of Individual Finger(Tactile and Force Sense 2,Mega-Integration in Robotics and Mechatronics to Assist Our Daily Lives)",,2005,The Proceedings of JSME annual Conference on Robotics and Mechatronics (Robomec),Akio YAMAMOTO; Hiroaki YAMAMOTO; Toshiro HIGUCHI,10.1299/jsmermd.2005.68_2,,https://doi.org/10.1299/jsmermd.2005.68_2,crossref,tactile language action robotics,concept,tactile,,,,2026-06-12T15:07:36Z,21.600,21.600
doi:10.36227/techrxiv.22145723.v1,A Novel Incipient Slip Degree Evaluation Method and its Application in Adaptive Control of Grasping Force,"Grasping is the most basic and important function of robots. However, the grasping performance of existing manipulators is far inferior to that of human hands. Human hands are able to evaluate the degree of incipient slip on contact surface based on tactile information during grasping process and thus regulate grasping force. As a result, humans can use the smallest possible grasping force while ensuring successful grasping, which maximizes the performance of their hands and avoids damaging the grasped object as much as possible. The existing incipient slip degree evaluation methods have certain shortcomings. So this paper proposes a novel method which can be applied to complex contact conditions where the incipient slip degree is not unidirectional and torque exists. Also, there are no restrictions on the material parameters and surface topography of the grasped object, and no need to o",,,Ruomin Sui; Lunwei Zhang; Qiyin Huang; Tiemin Li; Yao Jiang,10.36227/techrxiv.22145723.v1,,https://doi.org/10.36227/techrxiv.22145723.v1,crossref,analytical grasping,anti_myopia,anti_thesis,,,force control; analytical grasping,2026-06-12T15:07:36Z,17.600,21.600
doi:10.1109/icra.2013.6630959,Automated stable grasping with two-fingered microhand using micro force sensor,,2013,2013 IEEE International Conference on Robotics and Automation,Hiroyuki Yabugaki; Kenichi Ohara; Masaru Kojima; Yasushi Mae; Tamio Tanikawa; Tatsuo Arai,10.1109/icra.2013.6630959,,https://doi.org/10.1109/icra.2013.6630959,crossref,analytical grasping,anti_myopia,anti_thesis,,15,analytical grasping,2026-06-12T15:07:36Z,18.586,21.586
doi:10.3390/s17122762,GelSight: High-Resolution Robot Tactile Sensors for Estimating Geometry and Force,"Tactile sensing is an important perception mode for robots, but the existing tactile technologies have multiple limitations. What kind of tactile information robots need, and how to use the information, remain open questions. We believe a soft sensor surface and high-resolution sensing of geometry should be important components of a competent tactile sensor. In this paper, we discuss the development of a vision-based optical tactile sensor, GelSight. Unlike the traditional tactile sensors which measure contact force, GelSight basically measures geometry, with very high spatial resolution. The sensor has a contact surface of soft elastomer, and it directly measures its deformation, both vertical and lateral, which corresponds to the exact object shape and the tension on the contact surface. The contact force, and slip can be inferred from the sensor's deformation as well. Particularly, we",2017,Sensors,Wenzhen Yuan; Siyuan Dong; Edward H. Adelson,10.3390/s17122762,,https://doi.org/10.3390/s17122762,openalex,robotics,concept,openalex_bulk_robotics,,1106,robot manipulation; robot hand; limitation,2026-06-12T18:57:17Z,20.450,21.450
doi:10.3390/s20041050,Grasping Force Control of Multi-Fingered Robotic Hands through Tactile Sensing for Object Stabilization,"Grasping force control is important for multi-fingered robotic hands to stabilize the grasped object. Humans are able to adjust their grasping force and react quickly to instabilities through tactile sensing. However, grasping force control through tactile sensing with robotic hands is still relatively unexplored. In this paper, we make use of tactile sensing for multi-fingered robot hands to adjust the grasping force to stabilize unknown objects without prior knowledge of their shape or physical properties. In particular, an online detection module based on Deep Neural Network (DNN) is designed to detect contact events and object material simultaneously from tactile data. In addition, a force estimation method based on Gaussian Mixture Model (GMM) is proposed to compute the contact information (i.e., contact force and contact location) from tactile data. According to the results of tact",2020,Sensors,Zhen Deng; Yannick Jonetzko; Liwei Zhang; Jianwei Zhang,10.3390/s20041050,,https://doi.org/10.3390/s20041050,crossref,analytical grasping,anti_myopia,anti_thesis,,77,robot hand; force control; analytical grasping,2026-06-12T15:07:36Z,18.428,21.428
doi:10.1017/s0950268825100319,Personalized risk score prediction and testing policy adaptations of a COVID-19 population-based contact tracing network,"Abstract Contact tracing is an effective public health policy to put the fast-spreading epidemic under control. The government tracks the contacts of confirmed SARS-CoV-2 cases, recommends testing, encourages self-quarantine, and monitors symptoms of contacts. In developing and less-developed countries with limited resources for widespread SARS-CoV-2 testing, it remains essential to identify and quarantine positive contacts to control outbreaks. Therefore, analysing recall and precision when implementing testing policies for these contacts is necessary. We analysed a contact tracing dataset from a cohort of 827 index patients infected with SARS-CoV-2 and their 14814 close contacts from Jan 2020 to July 2020 in a province in eastern China. We constructed a network from the data and used a Graph Convolutional Network to predict each contact’s infection status. To the best of our knowledge,",2025,Epidemiology and Infection,Shushan Wu; Yan Feng; Huimin Cheng; Hui Huang; Yang Li; Feng Ling; Ping Ma; Wenxuan Zhong; Ye Shen,10.1017/s0950268825100319,,https://doi.org/10.1017/s0950268825100319,crossref,score based policy robotics,concept,diffusion,,,,2026-06-12T15:07:36Z,21.300,21.300
doi:10.55677/ijhrsss/04-2025-vol02i4,A Student Dropout Risk Prediction Model Based on Supervised Learning Techniques and Large Language Models (LLMs),"Early prediction of student dropout risk is an essential but challenging task in Vietnamese higher education. This study proposes a novel model combining supervised machine learning and large language models (LLMs) to predict student dropout risk. The model utilizes structured information and unstructured data to analyze influencing factors comprehensively. By converting student data into natural language and using pre-trained LLMs, the model can understand the context and complex relationships between factors, thereby improving prediction accuracy compared to traditional methods. The study's main contributions are to propose architecture integrating LLMs into the dropout risk classification problem, identify critical factors influencing the decision to drop out and discuss the potential application of the model in practice to support early intervention.",2025,International Journal of Human Research and Social Science Studies,Dat Tao Huu,10.55677/ijhrsss/04-2025-vol02i4,,https://doi.org/10.55677/ijhrsss/04-2025-vol02i4,crossref,large language model limitation robot planning,anti_myopia,anti_thesis,,,limitation; large language model limitation robot planning,2026-06-12T15:07:36Z,17.250,21.250
doi:10.1115/detc2010-28750,Evaluation of Contact Force and Elastic Foundation Models for Wear Analysis of Multibody Systems,"In this paper, two procedures to analyze planar multibody systems experiencing wear at a revolute joint are compared. In both procedures, the revolute joint of interest includes a clearance whose shape and size are dictated by wear. The procedures consist of coupled iterative analyses between a dynamic analysis of the system with non-ideal joints and wear prediction to determine the evolution of the joint clearance. In the first procedure, joint forces and contact pressure are estimated using the elastic foundation model (EFM) with hysteresis damping via the dynamic analysis. In the second procedure, a contact force model with hysteresis damping is used to estimate the joint forces. In the latter case, however, the contact pressure is estimated using a finite element method (FEM). Comparison in performance of the two models is facilitated through the use of an experimental slider-crank m",2010,"Volume 2: 34th Annual Mechanisms and Robotics Conference, Parts A and B",Saad M. Mukras; Nam Ho Kim; Tony L. Schmitz; W. Gregory Sawyer,10.1115/detc2010-28750,,https://doi.org/10.1115/detc2010-28750,crossref,foundation model limitation robotics,anti_myopia,anti_thesis,,6,limitation; hysteresis; foundation model limitation robotics,2026-06-12T15:07:36Z,16.223,21.223
doi:10.1126/scirobotics.adq5046,Forces for free: Vision-based contact force estimation with a compliant hand,"Force-sensing capabilities are essential for robot manipulation systems. However, commonly used wrist-mounted force/torque sensors are heavy, fragile, and expensive, and tactile sensors require adding fragile circuitry to the robot fingers while only providing force information local to the contact. Here, we present a vision-based contact force estimator that serves as a more cost-effective and easier-to-implement alternative to existing force sensors by leveraging deformations of compliant hands upon contacts when compliant hands are in use. Our approach uses an estimator that visually observes a specialized compliant robot hand (available open source with easy fabrication through 3D printing) and predicts the contact force on the basis of its elastic deformation upon external forces. Because using wrist-mounted cameras to observe the gripper is common for robot manipulation systems, ou",2025,Science Robotics,Yifan Zhu; Mei Hao; Xupeng Zhu; Quentin Bateux; Alex Wong; Aaron M. Dollar,10.1126/scirobotics.adq5046,,https://doi.org/10.1126/scirobotics.adq5046,crossref,contact dynamics robot learning,concept,contact,,8,robot manipulation; robot hand; contact dynamics; robustness; partial observability; occlusion; hysteresis,2026-06-12T15:07:36Z,20.099,21.099
doi:10.1080/00207543.2022.2164628,"Federated machine learning for privacy preserving, collective supply chain risk prediction","The use of Artificial Intelligence (AI) for predicting supply chain risk has gained popularity. However, proposed approaches are based on the premise that organisations act alone, rather than a collective when predicting risk, despite the interconnected nature of supply chains. This yields a problem: organisations that have inadequate datasets cannot predict risk. While data-sharing has been proposed to evaluate risk, in practice this does not happen due to privacy concerns. We propose a federated learning approach for collective risk prediction without the risk of data exposure. We ask: Can organisations who have inadequate datasets tap into collective knowledge? This raises a second question: Under what circumstances would collective risk prediction be beneficial? We present an empirical case study where buyers predict order delays from their shared suppliers before and after Covid-19.",2023,International Journal of Production Research,Zheng Ge; Lingxuan Kong; Alexandra Brintrup,10.1080/00207543.2022.2164628,,https://doi.org/10.1080/00207543.2022.2164628,openalex,energy based model robot learning,concept,ebm,,119,,2026-06-12T18:05:07Z,21.044,21.044
doi:10.1109/icsens.2009.5398198,Vertical contact position detection and grasping force monitoring for micro-gripper applications,,2009,2009 IEEE Sensors,M. Porta; J. Wei; M. Tichem; P.M. Sarro; U. Staufer,10.1109/icsens.2009.5398198,,https://doi.org/10.1109/icsens.2009.5398198,crossref,analytical grasping,anti_myopia,anti_thesis,,4,analytical grasping,2026-06-12T15:07:36Z,18.005,21.005
doi:10.1109/tencon.2008.4766846,Grasping force estimation detecting slip by tactile sensor adopting machine learning techniques,,2008,TENCON 2008 - 2008 IEEE Region 10 Conference,Abdul Md Mazid; A. B. M. Shawkat Ali,10.1109/tencon.2008.4766846,,https://doi.org/10.1109/tencon.2008.4766846,crossref,analytical grasping,anti_myopia,anti_thesis,,4,analytical grasping,2026-06-12T15:07:36Z,18.005,21.005
doi:10.1108/ir-01-2025-0033,Research on robot force control based on RBF neural network stiffness prediction and reinforcement learning,"Purpose To address the challenge of maintaining stable contact force when a robot end-effector interacts with an unknown environment, this paper aims to propose a force control algorithm based on radial basis function (RBF) neural network stiffness prediction and reinforcement learning. Design/methodology/approach Based on the traditional force controller, reinforcement learning is used to find the optimal control parameters of traditional force control. To enhance the convergence speed of reinforcement learning, an RBF neural network is used to fit the predicted contact environment stiffness, and then the RBF neural network is combined with the Gaussian model, and the predicted stiffness is used to adjust the probability of parameter selection in the selection probability reinforcement learning, thereby accelerating the convergence of the algorithm. Findings The tracking force error bet",2025,Industrial Robot: the international journal of robotics research and application,Meng Xiao; LikeTing Li; Haotian Jin; Danyang Bao; Fangting Huang,10.1108/ir-01-2025-0033,,https://doi.org/10.1108/ir-01-2025-0033,crossref,energy based model robot learning,concept,ebm,,,force control; limitation,2026-06-12T15:07:36Z,19.000,21.000
doi:10.3390/mi15121513,A High-Repeatability Three-Dimensional Force Tactile Sensing System for Robotic Dexterous Grasping and Object Recognition,"Robotic devices with integrated tactile sensors can accurately perceive the contact force, pressure, sliding, and other tactile information, and they have been widely used in various fields, including human–robot interaction, dexterous manipulation, and object recognition. To address the challenges associated with the initial value drift, and to improve the durability and accuracy of the tactile detection for a robotic dexterous hand, in this study, a flexible tactile sensor is designed with high repeatability by introducing a supporting layer for pre-separation. The proposed tactile sensor has a detection range of 0–5 N with a resolution of 0.2 N, and the repeatability error is as relatively small as 1.5%. In addition, the response time of the proposed tactile sensor under loading and unloading conditions are 80 ms and 160 ms, respectively. Moreover, a three-dimensional force decoupling",2024,Micromachines,Yaoguang Shi; Xiaozhou Lü; Wenran Wang; Xiaohui Zhou; Wensong Zhu,10.3390/mi15121513,,https://doi.org/10.3390/mi15121513,crossref,analytical grasping,anti_myopia,anti_thesis,,5,dexterous manipulation; human robot interaction; analytical grasping,2026-06-12T15:07:36Z,17.946,20.946
arxiv:1910.03973v1,Towards Learning to Detect and Predict Contact Events on Vision-based Tactile Sensors,"In essence, successful grasp boils down to correct responses to multiple contact events between fingertips and objects. In most scenarios, tactile sensing is adequate to distinguish contact events. Due to the nature of high dimensionality of tactile information, classifying spatiotemporal tactile signals using conventional model-based methods is difficult. In this work, we propose to predict and classify tactile signal using deep learning methods, seeking to enhance the adaptability of the robotic grasp system to external event changes that may lead to grasping failure. We develop a deep learning framework and collect 6650 tactile image sequences with a vision-based tactile sensor, and the neural network is integrated into a contact-event-based robotic grasping system. In grasping experiments, we achieved 52% increase in terms of object lifting success rate with contact detection, signif",2019,arXiv,Yazhan Zhang; Weihao Yuan; Zicheng Kan; Michael Yu Wang,,1910.03973v1,http://arxiv.org/abs/1910.03973v1,arxiv,contact dynamics robot learning,concept,contact,,,contact dynamics; robustness,2026-06-12T14:45:03Z,18.650,20.650
doi:10.1089/soro.2018.0172,A Machine-Learning-Based Approach to Solve Both Contact Location and Force in Soft Material Tactile Sensors,"This study addresses a design and calibration methodology based on numerical finite element method (FEM) modeling for the development of a soft tactile sensor able to simultaneously solve the magnitude and the application location of a normal load exerted onto its surface. The sensor entails the integration of a Bragg grating fiber optic sensor in a Dragon Skin 10 polymer brick (110 mm length, 24 mm width). The soft polymer mediates the transmission of the applied load to the buried fiber Bragg gratings (FBGs), and we also investigated the effect of sensor thickness on receptive field and sensitivity, both with the developed model and experimentally. Force-controlled indentations of the sensor (up to 2.5 N) were carried out through a cylindrical probe applied along the direction of the optical fiber (over an ∼90 mm span in length). A finite element model of the sensor was built and exper",2020,Soft Robotics,Luca Massari; Emiliano Schena; Carlo Massaroni; Paola Saccomandi; Arianna Menciassi; Edoardo Sinibaldi; Calogero Maria Oddo,10.1089/soro.2018.0172,,https://doi.org/10.1089/soro.2018.0172,crossref,tactile language action robotics,concept,tactile,,102,force control,2026-06-12T15:07:36Z,20.617,20.617
doi:10.1109/icra46639.2022.9811832,"GelSlim 3.0: High-Resolution Measurement of Shape, Force and Slip in a Compact Tactile-Sensing Finger",,2022,2022 International Conference on Robotics and Automation (ICRA),Ian H. Taylor; Siyuan Dong; Alberto Rodriguez,10.1109/icra46639.2022.9811832,,https://doi.org/10.1109/icra46639.2022.9811832,crossref,tactile language action robotics,concept,tactile,,182,,2026-06-12T15:07:36Z,20.605,20.605
doi:10.3390/s23094433,Slip Detection Strategies for Automatic Grasping in Prosthetic Hands,"The detection of an object slipping within the grasp of a prosthetic hand enables the hand to react to ensure the grasp is stable. The computer controller of a prosthetic hand needs to be able to unambiguously detect the slide from other signals. Slip can be detected from the surface vibrations made as the contact between object and terminal device shifts. A second method measures the changes in the normal and tangential forces between the object and the digits. After a review of the principles of how the signals are generated and the detection technologies are employed, this paper details the acoustic and force sensors used in versions of the Southampton Hand. Attention is given to the techniques used in the field. The performance of the Southampton tube sensor is explored. Different surfaces are slid past a sensor and the signals analysed. The resulting signals have low-frequency conte",2023,Sensors,Peter Kyberd,10.3390/s23094433,,https://doi.org/10.3390/s23094433,crossref,analytical grasping,anti_myopia,anti_thesis,,14,analytical grasping,2026-06-12T15:07:36Z,17.554,20.554
arxiv:2512.23864v3,Learning to Feel the Future: DreamTacVLA for Contact-Rich Manipulation,"Vision-Language-Action (VLA) models have shown remarkable generalization by mapping web-scale knowledge to robotic control, yet they remain blind to physical contact. Consequently, they struggle with contact-rich manipulation tasks that require reasoning about force, texture, and slip. While some approaches incorporate low-dimensional tactile signals, they fail to capture the high-resolution dynamics essential for such interactions. To address this limitation, we introduce DreamTacVLA, a framework that grounds VLA models in contact physics by learning to feel the future. Our model adopts a hierarchical perception scheme in which high-resolution tactile images serve as micro-vision inputs coupled with wrist-camera local vision and third-person macro vision. To reconcile these multi-scale sensory streams, we first train a unified policy with a Hierarchical Spatial Alignment (HSA) loss that",2025,arXiv,Guo Ye; Zexi Zhang; Xu Zhao; Shang Wu; Haoran Lu; Shihan Lu; Han Liu,,2512.23864v3,http://arxiv.org/abs/2512.23864v3,arxiv,contact rich manipulation learning,concept,contact,,,contact rich manipulation; contact dynamics; limitation; generalization,2026-06-12T14:45:03Z,18.550,20.550
arxiv:2504.19341v1,PolyTouch: A Robust Multi-Modal Tactile Sensor for Contact-rich Manipulation Using Tactile-Diffusion Policies,"Achieving robust dexterous manipulation in unstructured domestic environments remains a significant challenge in robotics. Even with state-of-the-art robot learning methods, haptic-oblivious control strategies (i.e. those relying only on external vision and/or proprioception) often fall short due to occlusions, visual complexities, and the need for precise contact interaction control. To address these limitations, we introduce PolyTouch, a novel robot finger that integrates camera-based tactile sensing, acoustic sensing, and peripheral visual sensing into a single design that is compact and durable. PolyTouch provides high-resolution tactile feedback across multiple temporal scales, which is essential for efficiently learning complex manipulation tasks. Experiments demonstrate an at least 20-fold increase in lifespan over commercial tactile sensors, with a design that is both easy to man",2025,arXiv,Jialiang Zhao; Naveen Kuppuswamy; Siyuan Feng; Benjamin Burchfiel; Edward Adelson,,2504.19341v1,http://arxiv.org/abs/2504.19341v1,arxiv,diffusion policy limitation robot manipulation,hostile,failure,,,diffusion policy; robot manipulation; contact rich manipulation; dexterous manipulation; proprioception; human demonstration; limitation; occlusion; diffusion policy limitation,2026-06-12T15:07:36Z,15.500,20.500
doi:10.1155/2010/581840,Prediction Control for Brachytherapy Robotic System,"In contemporary brachytherapy procedure, needle placement at desired location is challenging due to a variety of reasons. We have designed and fabricated an image-guided robot-assisted brachytherapy system to improve the needle placement and seed delivery. In this article we have used two different predictive control strategies in order to investigate the needle insertion efficacy and system dynamics during prostate brachytherapy. First, we used neural network predictive control (NNPC) to predict an insertion force. The NNPC uses the linearized state-space model of the robotic system to predict future system performances. Second, we used feedforward model predictive control (MPC) which allows the controller to compensate the influence of a measured disturbance's impact immediately rather than waiting until the effect appears in the system. Feedback control problem for the contact force r",2010,Journal of Robotics,Ivan Buzurovic; Tarun K. Podder; Yan Yu,10.1155/2010/581840,,https://doi.org/10.1155/2010/581840,crossref,classical control robotics,anti_myopia,anti_thesis,,11,model predictive control; classical control robotics,2026-06-12T15:07:36Z,15.492,20.492
arxiv:2509.15876v1,High-Bandwidth Tactile-Reactive Control for Grasp Adjustment,"Vision-only grasping systems are fundamentally constrained by calibration errors, sensor noise, and grasp pose prediction inaccuracies, leading to unavoidable contact uncertainty in the final stage of grasping. High-bandwidth tactile feedback, when paired with a well-designed tactile-reactive controller, can significantly improve robustness in the presence of perception errors. This paper contributes to controller design by proposing a purely tactile-feedback grasp-adjustment algorithm. The proposed controller requires neither prior knowledge of the object's geometry nor an accurate grasp pose, and is capable of refining a grasp even when starting from a crude, imprecise initial configuration and uncertain contact points. Through simulation studies and real-world experiments on a 15-DoF arm-hand system (featuring an 8-DoF hand) equipped with fingertip tactile sensors operating at 200 Hz,",2025,arXiv,Yonghyeon Lee; Tzu-Yuan Lin; Alexander Alexiev; Sangbae Kim,,2509.15876v1,http://arxiv.org/abs/2509.15876v1,arxiv,analytical grasping,anti_myopia,anti_thesis,,,robustness; analytical grasping,2026-06-12T15:07:36Z,14.450,20.450
doi:10.3390/s19224925,Magnetic-based Soft Tactile Sensors with Deformable Continuous Force Transfer Medium for Resolving Contact Locations in Robotic Grasping and Manipulation,"The resolution of contact location is important in many applications in robotics and automation. This is generally done by using an array of contact or tactile receptors, which increases cost and complexity as the required resolution or area is increased. Tactile sensors have also been developed using a continuous deformable medium between the contact and the receptors, which allows few receptors to interpolate the information among them, avoiding the weakness highlighted in the former approach. The latter is generally used to measure contact force intensity or magnitude but rarely used to identify the contact locations. This paper presents a systematic design and characterisation procedure for magnetic-based soft tactile sensors (utilizing the latter approach with the deformable contact medium) with the goal of locating the contact force location. This systematic procedure provides cond",2019,Sensors,Alireza Mohammadi; Yangmengfei Xu; Ying Tan; Peter Choong; Denny Oetomo,10.3390/s19224925,,https://doi.org/10.3390/s19224925,crossref,contact rich manipulation learning,concept,contact,,50,contact rich manipulation,2026-06-12T15:07:36Z,20.416,20.416
doi:10.1002/rcs.2325,SuP‐Ring: A pneumatic tactile display with substitutional representation of contact force components using normal indentation,"Abstract Background Shear force is important for tumour detection and can contribute to minimally invasive surgery (MIS). A popular method uses lateral skin stretch to produce shear force but has some limitations. Methods We have developed a ring‐type pneumatic tactile display that employs normal indentation substituted for lateral skin stretch to represent normal and shear feedback, called SuP‐Ring. Psychophysical experiments were conducted to evaluate how users perceive the provided feedback and the effectiveness of SuP‐Ring in tumour localisation. Results The experimental results show that the participants could perceive the provided normal and shear feedback well. Shear feedback enables users to enhance their performance in localising the tumour and normal feedback could contribute to ensuring the safety requirements in MIS. Conclusions The proposed tactile display could be useful fo",2021,The International Journal of Medical Robotics and Computer Assisted Surgery,Hoang Hiep Ly; Yoshihiro Tanaka; Michitaka Fujiwara,10.1002/rcs.2325,,https://doi.org/10.1002/rcs.2325,crossref,tactile language action robotics,concept,tactile,,5,limitation,2026-06-12T15:07:36Z,19.396,20.396
doi:10.1049/csy2.70036,Slip Detection and Stable Grasping With Multi‐Fingered Robotic Hand Using Deep Learning Approach,"ABSTRACT Dexterous robotic hands are essential for various tasks in dynamic environments, but challenges such as slip detection and grasp stability affect real‐time performance. Traditional grasping methods often fail to detect subtle slip events, leading to unstable grasps. This paper proposes a real‐time slip detection and force compensation system using a hybrid convolutional neural networks and long short‐term memory (CNN‐LSTM) architecture to detect slip to enhance grasp stability. The system combines tactile sensing with deep learning to detect slips and dynamically adjust individual finger grasping forces, ensuring precise and stable object grasping. The proposed system leverages a hybrid CNN‐LSTM architecture to effectively capture both spatial and temporal features of slip dynamics, enabling robust slip detection and grasp stabilisation. By employing data augmentation techniques",2025,IET Cyber-Systems and Robotics,Haoliang Xu; Syed Muhammad Nashit Arshad; Shichi Peng; Han Xu; Hang Yin; Qiang Li,10.1049/csy2.70036,,https://doi.org/10.1049/csy2.70036,crossref,robotics,concept,crossref_bulk_robotics,,1,robustness,2026-06-12T19:29:26Z,19.347,20.347
arxiv:2205.09430v2,Action Conditioned Tactile Prediction: case study on slip prediction,"Tactile predictive models can be useful across several robotic manipulation tasks, e.g. robotic pushing, robotic grasping, slip avoidance, and in-hand manipulation. However, available tactile prediction models are mostly studied for image-based tactile sensors and there is no comparison study indicating the best performing models. In this paper, we presented two novel data-driven action-conditioned models for predicting tactile signals during real-world physical robot interaction tasks (1) action condition tactile prediction and (2) action conditioned tactile-video prediction models. We use a magnetic-based tactile sensor that is challenging to analyse and test state-of-the-art predictive models and the only existing bespoke tactile prediction model. We compare the performance of these models with those of our proposed models. We perform the comparison study using our novel tactile-enabl",2022,arXiv,Willow Mandil; Kiyanoush Nazari; Amir Ghalamzan E,,2205.09430v2,http://arxiv.org/abs/2205.09430v2,arxiv,tactile language action robotics,concept,tactile,,,,2026-06-12T14:45:03Z,19.250,20.250
doi:10.36948/ijfmr.2026.v08i03.79040,Hepatocellular Carcinoma Prediction using Large Language Model and Meditron,"This project investigated the integration of machine learning, large language models (LLMs), and the Meditron medical language model to enhance early prediction and interpretation of hepatocellular carcinoma (HCC) in resource-constrained healthcare settings such as Kenya, where late diagnosis and limited access to advanced diagnostic tools remain major challenges. Using a design science and experimental research approach, an AI-driven clinical decision-support prototype was developed to process unstructured clinical conversations, extract relevant medical features, predict HCC risk, and generate clinically interpretable explanations. A Random Forest classifier was trained on a balanced secondary clinical dataset comprising equal proportions of HCC and non-HCC cases, with preprocessing techniques including median imputation and feature scaling applied to ensure data quality and model robu",2026,International Journal For Multidisciplinary Research,Suleiman Dubow; Abraham Matheka,10.36948/ijfmr.2026.v08i03.79040,,https://doi.org/10.36948/ijfmr.2026.v08i03.79040,crossref,large language model limitation robot planning,anti_myopia,anti_thesis,,,limitation; robustness; large language model limitation robot planning,2026-06-12T15:07:36Z,14.250,20.250
doi:10.1007/s40820-019-0288-7,Flexible Tactile Electronic Skin Sensor with 3D Force Detection Based on Porous CNTs/PDMS Nanocomposites,"Abstract Flexible tactile sensors have broad applications in human physiological monitoring, robotic operation and human–machine interaction. However, the research of wearable and flexible tactile sensors with high sensitivity, wide sensing range and ability to detect three-dimensional (3D) force is still very challenging. Herein, a flexible tactile electronic skin sensor based on carbon nanotubes (CNTs)/polydimethylsiloxane (PDMS) nanocomposites is presented for 3D contact force detection. The 3D forces were acquired from combination of four specially designed cells in a sensing element. Contributed from the double-sided rough porous structure and specific surface morphology of nanocomposites, the piezoresistive sensor possesses high sensitivity of 12.1 kPa −1 within the range of 600 Pa and 0.68 kPa −1 in the regime exceeding 1 kPa for normal pressure, as well as 59.9 N −1 in the scope ",2019,Nano-Micro Letters,Xuguang Sun; Jianhai Sun; Tong Li; Shuaikang Zheng; Chunkai Wang; Wenshuo Tan; Jingong Zhang; Chang Liu; Tianjun Ma; Zhi‐mei Qi; Chunxiu Liu; Ning Xue,10.1007/s40820-019-0288-7,,https://doi.org/10.1007/s40820-019-0288-7,openalex,energy based model robot learning,concept,ebm,,224,,2026-06-12T18:05:07Z,20.208,20.208
doi:10.15680/ijarety.2025.1104003,AI-Powered Predict-Before-Break: Sequence-to-Set Transformer for EarlyWarning Signals in Automotive Telemetry,"As modern vehicles evolve into complex cyber-physical systems, the demand for intelligent, real-time fault prediction has intensified. Traditional threshold-based diagnostics and rule-based models often fall short in providing timely alerts, leading to unplanned failures and increased operational costs. This paper proposes a novel AIpowered early-warning framework employing a sequence-to-set transformer architecture tailored for automotive telemetry data. Unlike conventional sequence-based models, the proposed approach effectively handles multi-modal, asynchronous sensor inputs, enabling the detection of latent fault patterns before critical failures occur. The system is designed to operate at the edge, ensuring minimal latency and high responsiveness, making it suitable for deployment in resource-constrained vehicular environments. Experimental evaluations on real-world telemetry datase",2024,International Journal of Advanced Research in Education and TechnologY,Lakshya Khurana,10.15680/ijarety.2025.1104003,,https://doi.org/10.15680/ijarety.2025.1104003,crossref,EBM transformer robotics,concept,architecture,,,EBM transformer robotics; deployment; latency,2026-06-12T15:07:36Z,16.100,20.100
doi:10.1109/lra.2024.3387111,BioTacTip: A Soft Biomimetic Optical Tactile Sensor for Efficient 3D Contact Localization and 3D Force Estimation,,2024,IEEE Robotics and Automation Letters,Haoran Li; Saekwang Nam; Zhenyu Lu; Chenguang Yang; Efi Psomopoulou; Nathan F. Lepora,10.1109/lra.2024.3387111,,https://doi.org/10.1109/lra.2024.3387111,crossref,tactile language action robotics,concept,tactile,,25,,2026-06-12T15:07:36Z,20.029,20.029
doi:10.3390/machines9060119,Robot Grasping System and Grasp Stability Prediction Based on Flexible Tactile Sensor Array,"As an essential perceptual device, the tactile sensor can efficiently improve robot intelligence by providing contact force perception to develop algorithms based on contact force feedback. However, current tactile grasping technology lacks high-performance sensors and high-precision grasping prediction models, which limits its broad application. Herein, an intelligent robot grasping system that combines a highly sensitive tactile sensor array was constructed. A dataset that can reflect the grasping contact force of various objects was set up by multiple grasping operation feedback from a tactile sensor array. The stability state of each grasping operation was also recorded. On this basis, grasp stability prediction models with good performance in grasp state judgment were proposed. By feeding training data into different machine learning algorithms and comparing the judgment results, th",2021,Machines,Tong Li; Xuguang Sun; Xin Shu; Chunkai Wang; Yifan Wang; Gang Chen; Ning Xue,10.3390/machines9060119,,https://doi.org/10.3390/machines9060119,openalex,robotics,concept,openalex_bulk_robotics,,32,,2026-06-12T18:57:17Z,19.998,19.998
doi:10.3390/s18020326,Grasping Force Control for a Robotic Hand by Slip Detection Using Developed Micro Laser Doppler Velocimeter,"The purpose of this paper is to show the feasibility of grasping force control by feeding back signals of the developed micro-laser Doppler velocimeter (μ-LDV) and by discriminating whether a grasped object is slipping or not. LDV is well known as a high response surface velocity sensor which can measure various surfaces-such as metal, paper, film, and so on-thus suggesting the potential application of LDV as a slip sensor for grasping various objects. However, the use of LDV as a slip sensor has not yet been reported because the size of LDVs is too large to be installed on a robotic fingertip. We have solved the size problem and enabled the performance of a feasibility test with a few-millimeter-scale LDV referred to as micro-LDV (μ-LDV) by modifying the design which was adopted from MEMS (microelectromechanical systems) fabrication process. In this paper, by applying our developed μ-LD",2018,Sensors,Nobutomo Morita; Hirofumi Nogami; Eiji Higurashi; Renshi Sawada,10.3390/s18020326,,https://doi.org/10.3390/s18020326,openalex,robotics,concept,openalex_bulk_robotics,,28,force control,2026-06-12T18:57:17Z,19.984,19.984
doi:10.1016/j.ejcts.2006.01.014,Carbon monoxide lung diffusion capacity improves risk stratification in patients without airflow limitation: evidence for systematic measurement before lung resection,,2006,European Journal of Cardio-Thoracic Surgery,Alessandro Brunelli; Majed Al Refai; Michele Salati; Armando Sabbatini; Nicholas J. Morgan-Hughes; Gaetano Rocco,10.1016/j.ejcts.2006.01.014,,https://doi.org/10.1016/j.ejcts.2006.01.014,crossref,diffusion policy limitation robot manipulation,hostile,failure,,113,diffusion policy; robot manipulation; limitation; diffusion policy limitation,2026-06-12T15:07:36Z,14.968,19.968
doi:10.1016/j.cej.2023.146279,Optical and electrical dual-mode tactile sensor with interlinked interfaces recording normal force and slip for closed-loop robotics,,2023,Chemical Engineering Journal,Kedong Shang; Changliu He; Jian Zhou; Peng Ling; Xulei Lu; Chunqiao Fu; Yong Zhang; Chuan Tang; Linmao Qian; Tingting Yang,10.1016/j.cej.2023.146279,,https://doi.org/10.1016/j.cej.2023.146279,crossref,tactile language action robotics,concept,tactile,,32,,2026-06-12T15:07:36Z,19.948,19.948
doi:10.1177/02783649241249194,Unified force-impedance control,"Unified force-impedance control (UFIC) aims at integrating the advantages of impedance control and force control. Compliance and exact force regulation are equally important abilities in modern robot manipulation. The developed passivity-based framework builds on the energy tank concept and is suitable for serial rigid and flexible-joint robots. Furthermore, it is able to deal either with direct force measurements or model-based contact force estimation. Thus, in this theoretical framework, the most relevant practical systems are covered and shown to be stable for arbitrary passive environments. Particular focus is also laid on a robust impedance-based contact/non-contact stabilization methodology that prevents abrupt, unwanted, and potentially dangerous movements of the manipulator in case of contact loss, a well-known problem of both impedance and force control. The validity of the app",2024,The International Journal of Robotics Research,Sami Haddadin; Erfan Shahriari,10.1177/02783649241249194,,https://doi.org/10.1177/02783649241249194,crossref,classical control robotics,anti_myopia,anti_thesis,,42,robot manipulation; force control; impedance control; classical control robotics,2026-06-12T15:07:36Z,15.931,19.931
doi:10.1101/2023.05.16.23290068,A comparison between a Random Forest model and the Kidney Failure Risk Equation to predict progression to kidney failure,"Abstract Background Machine learning may offer a superior alternative to traditional prediction tools when used to model complicated, nonlinear interactions between variables. While modern machine learning methods are tagged as “black boxes”, the random forest (RF) classifier can be interrogated to understand the contribution of input variables (feature importance), thereby improving the interpretability of its predictions. We hypothesized that a random forest (RF) classifier would have equivalent, if not superior, performance to the 4-variable Kidney Failure Risk Equation (KFRE) in predicting progression to end stage kidney disease (ESKD) in a chronic kidney disease (CKD) population and explored the impact of serum creatinine and primary renal disease on prediction accuracy. Methods A 2-year risk of ESKD was calculated using the 4-variable KFRE and compared to a RF model using the same ",,,Marina Wainstein; Amir Kamel Rahimi; Ivor Katz; Helen Healy; Saiyini Pirabhahar; Kylie Turner; Sally Shrapnel,10.1101/2023.05.16.23290068,,https://doi.org/10.1101/2023.05.16.23290068,crossref,robot world model failure,anti_myopia,anti_thesis,,,robot world model; benchmark; robot world model failure,2026-06-12T15:07:36Z,14.900,19.900
doi:10.1109/robot.1996.509203,A full tactile sensing suite for dextrous robot hands and use in contact force control,"A full tactile sensing suite for the finger segments and palm of the Utah/MIT dextrous hand is presented. The rubber-based sensors employ capacitance sensing and floating electrodes in the top layer, and contain local electronics for excitation, filtering, analog-to-digital conversion, and serial communication. Experimental results on static, dynamic, and spatial properties are presented. Use of the tactile sensor in contact force control is demonstrated.",2002,,D N Johnston; Ping Zhang; John M. Hollerbach; S.C. Jacobsen,10.1109/robot.1996.509203,,https://doi.org/10.1109/robot.1996.509203,openalex,robotics,concept,openalex_bulk_robotics,,78,robot hand; force control,2026-06-12T18:57:17Z,19.885,19.885
arxiv:2606.11184v1,TacForeSight: Force-Guided Tactile World Model for Contact-Rich Manipulation,"Contact-rich manipulation requires robots to continuously perceive and regulate evolving physical interactions under dynamic contact transitions or complex surface geometries. Recent imitation learning methods improve contact-aware control by incorporating tactile or force feedback, but they rarely model the asymmetric spatiotemporal roles of global force and local tactile sensing. To address this, we propose TacForeSight, a lightweight force-conditioned tactile foresight framework for real-time manipulation. The core component is TacForceWM, a tactile world model that predicts short-horizon tactile latent dynamics from dual-finger tactile observations conditioned on high-frequency wrist force and torque signals. Another key component, the Predictive Tactile-Conditioned Policy, leverages the predicted latents as anticipatory contact priors, models the current-to-future tactile evolution ",2026,arXiv,Yujie Zang; Yuhang Zheng; Xian Nie; Yupeng Zheng; Shuai Tian; Songen Gu; Chen Gao; Zining Wang; Shuicheng Yan; Wenchao Ding,,2606.11184v1,http://arxiv.org/abs/2606.11184v1,arxiv,contact rich manipulation learning,concept,contact,,,contact rich manipulation; imitation learning,2026-06-12T14:45:03Z,19.850,19.850
doi:10.1109/tro.2024.3502197,iFEM2.0: Dense 3-D Contact Force Field Reconstruction and Assessment for Vision-Based Tactile Sensors,,2025,IEEE Transactions on Robotics,Can Zhao; Jin Liu; Daolin Ma,10.1109/tro.2024.3502197,,https://doi.org/10.1109/tro.2024.3502197,crossref,contact dynamics robot learning,concept,contact,,11,contact dynamics,2026-06-12T15:07:36Z,19.842,19.842
doi:10.1016/j.ijcard.2019.03.013,"Risk prediction model for long-term heart failure incidence after epirubicin chemotherapy for breast cancer – A real-world data-based, nationwide classification analysis",,2019,International Journal of Cardiology,György Fogarassy; Ágnes Vathy-Fogarassy; István Kenessey; Miklós Kásler; Tamás Forster,10.1016/j.ijcard.2019.03.013,,https://doi.org/10.1016/j.ijcard.2019.03.013,crossref,robot world model failure,anti_myopia,anti_thesis,,37,robot world model; robot world model failure,2026-06-12T15:07:36Z,14.819,19.819
doi:10.3390/app13063886,Repulsive Force for Micro- and Nano-Non-Contact Manipulation,"Non-contact positioning of micro-objects using electric fields has been widely explored, based on several physical principles such as electrophoresis, dielectrophoresis (DEP) or optical dielectrophoresis (ODEP), in which the actuation force is induced by an electric charge or an electric dipole placed in an electric field. In this paper, we introduce a new way to control charges in non-contact positioning of micro-objects using chemical functionalization (3-aminopropyl) triethoxysilane—APTES) able to localize charges on a substrate and/or on a micro-object. We demonstrate that this functionalization in a liquid with a low ionic strength is able to concentrate a significant amount of electric charges on surfaces generating an electric field over a long distance (about 10 microns), also called a large exclusion zone (EZ). A model is proposed and validated with electrostatic force measureme",2023,Applied Sciences,Amélie Cot; Patrick Rougeot; Sophie Lakard; Michaël Gauthier; Jérôme Dejeu,10.3390/app13063886,,https://doi.org/10.3390/app13063886,crossref,contact rich manipulation learning,concept,contact,,2,contact rich manipulation,2026-06-12T14:45:03Z,19.799,19.799
doi:10.3390/s20174724,Neuromorphic Vision Based Contact-Level Classification in Robotic Grasping Applications,"In recent years, robotic sorting is widely used in the industry, which is driven by necessity and opportunity. In this paper, a novel neuromorphic vision-based tactile sensing approach for robotic sorting application is proposed. This approach has low latency and low power consumption when compared to conventional vision-based tactile sensing techniques. Two Machine Learning (ML) methods, namely, Support Vector Machine (SVM) and Dynamic Time Warping-K Nearest Neighbor (DTW-KNN), are developed to classify material hardness, object size, and grasping force. An Event-Based Object Grasping (EBOG) experimental setup is developed to acquire datasets, where 243 experiments are produced to train the proposed classifiers. Based on predictions of the classifiers, objects can be automatically sorted. If the prediction accuracy is below a certain threshold, the gripper re-adjusts and re-grasps until",2020,Sensors,Xiaoqian Huang; Rajkumar Muthusamy; Eman Hassan; Zhenwei Niu; Lakmal Seneviratne; Dongming Gan; Yahya Zweiri,10.3390/s20174724,,https://doi.org/10.3390/s20174724,crossref,analytical grasping,anti_myopia,anti_thesis,,21,latency; analytical grasping,2026-06-12T15:07:36Z,16.796,19.796
doi:10.1002/rcs.2491,Virtual‐force‐guided intraoperative ultrasound scanning with online lesion location prediction: A phantom study,"Abstract Background In ultrasound‐guided minimally invasive surgery (MIS) of tumours, it is crucial to discover the optimal scanning plane (OSP) and organise the MIS scalpel work trajectory in this plane. The OSP can be altered and is challenging to track when the scalpel interacts with deformed tissues. Therefore, tracking the OSP becomes critical in MIS. In master‐slave control, virtual force (VF) is used to assist the operator in completing the task. However, most literature assumes that the environment is sufficiently stable. No specific method focuses on tracking the OSP of the lesion within largely deformed tissues. Methods This paper used the improved artificial potential field method to establish the VF that could guide the operator to track the OSP. When tissue deformation occurred, an artificial neural network (ANN) was used to predict the target position, guiding the operator ",2023,The International Journal of Medical Robotics and Computer Assisted Surgery,Baoshan Niu; Dapeng Yang; Peng Wang; Haonan Yang; Le Zhang; Yikun Gu; Li Jiang,10.1002/rcs.2491,,https://doi.org/10.1002/rcs.2491,crossref,robotics,concept,crossref_bulk_robotics,,19,,2026-06-12T19:29:26Z,19.748,19.748
doi:10.3390/s19040966,Design and Calibration of a Force/Tactile Sensor for Dexterous Manipulation,"This paper presents the design and calibration of a new force/tactile sensor for robotic applications. The sensor is suitably designed to provide the robotic grasping device with a sensory system mimicking the human sense of touch, namely, a device sensitive to contact forces, object slip and object geometry. This type of perception information is of paramount importance not only in dexterous manipulation but even in simple grasping tasks, especially when objects are fragile, such that only a minimum amount of grasping force can be applied to hold the object without damaging it. Moreover, sensing only forces and not moments can be very limiting to securely grasp an object when it is grasped far from its center of gravity. Therefore, the perception of torsional moments is a key requirement of the designed sensor. Furthermore, the sensor is also the mechanical interface between the gripper",2019,Sensors,Marco Costanzo; Giuseppe De Maria; Ciro Natale; Salvatore Pirozzi,10.3390/s19040966,,https://doi.org/10.3390/s19040966,crossref,EBM transformer robotics dexterous manipulation,concept,architecture_x_embodiment,,42,EBM transformer robotics; dexterous manipulation,2026-06-12T15:07:36Z,19.681,19.681
doi:10.3389/frobt.2026.1735467,Calibration-free per-finger force-feedback slip control for grasping by anthropomorphic hand with tri-axial tactile sensors,"This paper addresses the challenge of detecting and recovering from slip during robotic grasping of unknown objects, with the objective of establishing a robust no on-site or per-object calibration slip-recovery controller for an anthropomorphic hand. This hand is equipped with tri-axial piezoresistive tactile force sensors on each finger, and the proposed approach is validated through experimental analysis. The proposed methodology eliminates the need for object- or pose-specific calibration, explicit friction modelling, dense tactile arrays, line-of-sight vision, and a data-hungry learning process, enabling real-time implementation with minimal computation and integration effort. Using a commonly acquired online baseline from initial readings, slip is detected from relative changes between consecutive samples of the baseline-subtracted resultant tangential force, and object engagement ",2026,Frontiers in Robotics and AI,Dickson Chiu Yu Wong; Zheng H. Zhu,10.3389/frobt.2026.1735467,,https://doi.org/10.3389/frobt.2026.1735467,crossref,tactile language action robotics,concept,tactile,,,,2026-06-12T15:07:36Z,19.650,19.650
doi:10.64898/2026.02.27.708323,Evaluation of deep learning tools for chromatin contact prediction,"Abstract Background Three-dimensional chromatin organization plays a central role in gene regulation and is commonly measured using Hi-C technology. Recently, deep learning models have been developed to predict Hi-C contact maps from genomic and epigenomic features, offering a computational alternative to costly experimental assays. However, the performance, robustness, and biological interpretability of these models remain unclear due to the absence of systematic benchmarking. Results We present a comprehensive benchmark to evaluate five Hi-C prediction models, C.Origami, Epiphany, ChromaFold, HiCDiffusion, and GRACHIP, across multiple evaluation criteria, including accuracy, visual fidelity and loop detection. Among all models, Epiphany achieved the strongest overall performance, combining high accuracy, cell-type generalization, realistic image quality and reliable loop detection. Mor",,,Hoang Thien Thu Nguyen; Vanessa Vermeirssen,10.64898/2026.02.27.708323,,https://doi.org/10.64898/2026.02.27.708323,crossref,contact dynamics robot learning,concept,contact,,,contact dynamics; benchmark; generalization; robustness; ablation,2026-06-12T15:07:36Z,14.650,19.650
doi:10.1109/icra55743.2025.11127381,TransForce: Transferable Force Prediction for Vision-Based Tactile Sensors with Sequential Image Translation,,2025,2025 IEEE International Conference on Robotics and Automation (ICRA),Zhuo Chen; Ni Ou; Xuyang Zhang; Shan Luo,10.1109/icra55743.2025.11127381,,https://doi.org/10.1109/icra55743.2025.11127381,crossref,tactile language action robotics,concept,tactile,,6,,2026-06-12T15:07:36Z,19.573,19.573
doi:10.64898/2026.03.05.26347766,Thyroid Cancer Risk Prediction from Multimodal Datasets Using Large Language Model,"Abstract Thyroid carcinoma is one of the most prevalent endocrine malignancies worldwide, and accurate preoperative differentiation between benign and malignant thyroid nodules remains clinically challenging. Diagnostic methods that medical practitioners use at present depend on their personal judgment to evaluate both imaging results and separate clinical tests, which creates inconsistency that leads to incorrect medical evaluations. The combination of radiological imaging with clinical information systems enables healthcare providers to enhance their capacity to make reliable predictions about patient outcomes while improving their decision-making abilities. The study introduces a deep learning framework that utilizes multiple data sources by combining magnetic resonance imaging (MRI) data with clinical text to predict thyroid cancer. The system uses a Vision Transformer (ViT) to obtai",,,Paramita Ray,10.64898/2026.03.05.26347766,,https://doi.org/10.64898/2026.03.05.26347766,crossref,large language model limitation robot planning,anti_myopia,anti_thesis,,,limitation; large language model limitation robot planning,2026-06-12T15:07:36Z,14.550,19.550
doi:10.1161/circheartfailure.116.003146,Multistate Model to Predict Heart Failure Hospitalizations and All-Cause Mortality in Outpatients With Heart Failure With Reduced Ejection Fraction,"Background— Outpatients with heart failure (HF) who are at high risk for HF hospitalization and death may benefit from early identification. We sought to develop and externally validate a model to predict both HF hospitalization and mortality that accounts for the semicompeting nature of the 2 outcomes and captures the risk associated with the transition from the stable outpatient state to the post-HF hospitalization state. Methods and Results— A multistate model to predict HF hospitalization and all-cause mortality was derived using data (n=3834) from the HEAAL study (Heart Failure Endpoint evaluation of Angiotensin II Antagonist Losartan), a multinational randomized trial in symptomatic patients with reduced left ventricular ejection fraction. Twelve easily and reliably obtainable demographic and clinical predictors were prespecified for model inclusion. Model performance was assessed ",2016,Circulation: Heart Failure,Jenica N. Upshaw; Marvin A. Konstam; David van Klaveren; Farzad Noubary; Gordon S. Huggins; David M. Kent,10.1161/circheartfailure.116.003146,,https://doi.org/10.1161/circheartfailure.116.003146,crossref,robot foundation model failure mode,hostile,failure,,27,robot foundation model; failure mode,2026-06-12T15:07:36Z,14.516,19.516
doi:10.1002/adrr.202500091,UTact: Underwater Vision‐Based Tactile Sensor with Geometry Reconstruction and Contact Force Estimation,"Soft robots offer potential advantages for underwater applications such as environmental exploration and delicate manipulation, thanks to their inherent flexibility and sustainability. Embedded sensing systems further enhance these capabilities by providing environmental information feedback. Until now, many flexible sensors integrated into soft robots suffer from slow response times and limited sensing stability. Vision‐based tactile sensing presents a promising solution to these challenges, yet its application underwater remains limited. In this work, we introduce a compact, reliable, and highly sensitive underwater vision‐based tactile sensor (UTact) featuring a simple fabrication process and low cost. UTact enables 3D reconstruction of the tactile surface, complemented by image enhancement algorithms optimized for underwater environments. A ResNet‐34 model is trained and validated fo",2025,Advanced Robotics Research,Qiyi Zhang; Zonghao Zuo; Haoxuan Wang; Bin Liu; Yilidusi Yilihamu; Li Wen,10.1002/adrr.202500091,,https://doi.org/10.1002/adrr.202500091,crossref,contact dynamics robot learning,concept,contact,,2,contact dynamics,2026-06-12T15:07:36Z,19.499,19.499
doi:10.1109/tbdata.2025.3536922,Large Language Model-Informed ECG Dual Attention Network for Heart Failure Risk Prediction,,2025,IEEE Transactions on Big Data,Chen Chen; Lei Li; Marcel Beetz; Abhirup Banerjee; Ramneek Gupta; Vicente Grau,10.1109/tbdata.2025.3536922,,https://doi.org/10.1109/tbdata.2025.3536922,crossref,vision language action model failure,anti_myopia,anti_thesis,,12,vision language action model; vision language action model failure,2026-06-12T15:07:36Z,15.482,19.482
doi:10.1109/lra.2019.2930477,Effective Estimation of Contact Force and Torque for Vision-Based Tactile Sensors With Helmholtz–Hodge Decomposition,,2019,IEEE Robotics and Automation Letters,Yazhan Zhang; Zicheng Kan; Yang Yang; Yu Alexander Tse; Michael Yu Wang,10.1109/lra.2019.2930477,,https://doi.org/10.1109/lra.2019.2930477,crossref,tactile language action robotics,concept,tactile,,63,,2026-06-12T15:07:36Z,19.479,19.479
doi:10.1016/j.sna.2019.07.007,Recent advances in non-contact force sensors used for micro/nano manipulation,,2019,Sensors and Actuators A: Physical,Haoyan Zang; Xianmin Zhang; Benliang Zhu; Sergej Fatikow,10.1016/j.sna.2019.07.007,,https://doi.org/10.1016/j.sna.2019.07.007,crossref,contact rich manipulation learning,concept,contact,,62,contact rich manipulation,2026-06-12T15:07:36Z,19.472,19.472
doi:10.1109/icra57147.2024.10611504,Tactile Estimation of Extrinsic Contact Patch for Stable Placement,,2024,2024 IEEE International Conference on Robotics and Automation (ICRA),Kei Ota; Devesh K. Jha; Krishna Murthy Jatavallabhula; Asako Kanezaki; Joshua B. Tenenbaum,10.1109/icra57147.2024.10611504,,https://doi.org/10.1109/icra57147.2024.10611504,crossref,tactile language action robotics,concept,tactile,,7,,2026-06-12T15:07:36Z,19.440,19.440
doi:10.3389/frobt.2024.1320261,Modeling of slip rate-dependent traversability for path planning of wheeled mobile robot in sandy terrain,"A planetary exploration rover has been employed for scientific endeavors or as a precursor for upcoming manned missions. Predicting rover traversability from its wheel slip ensures safe and efficient autonomous operations of rovers on deformable planetary surfaces; path planning algorithms that reduce slips by considering wheel-soil interaction or terrain data can minimize the risk of the rover becoming immobilized. Understanding wheel-soil interaction in transient states is vital for developing a more precise slip ratio prediction model, while path planning in the past assumes that slips generated at the path is a series of slip ratio in steady state. In this paper, we focus on the transient slip, or slip rate the time derivative of slip ratio, to explicitly address it into the cost function of path planning algorithm. We elaborated a regression model that takes slip rate and traction f",2024,Frontiers in Robotics and AI,Go Sakayori; Genya Ishigami,10.3389/frobt.2024.1320261,,https://doi.org/10.3389/frobt.2024.1320261,crossref,robot world model failure planning,hostile,failure,,6,robot world model; robot world model failure,2026-06-12T15:07:36Z,15.423,19.423
doi:10.3390/robotics10010032,Adaptive Position/Force Control of a Robotic Manipulator in Contact with a Flexible and Uncertain Environment,"The present paper concerns the synthesis of robot movement control systems in the cases of disturbances of natural position constraints, which are the result of surface susceptibility and inaccuracies in its description. The study contains the synthesis of control laws, in which the knowledge of parameters of the susceptible environment is not required, and which guarantee stability of the system in the case of an inaccurately described contact surface. The novelty of the presented solution is based on introducing an additional module to the control law in directions normal to the interaction surface, which allows for a fluent change of control strategy in the case of occurrence of distortions in the surface. An additional module in the control law is perceived as a virtual viscotic resistance force and resilient environment acting upon the robot. This interpretation facilitates intuitiv",2021,Robotics,Piotr Gierlak,10.3390/robotics10010032,,https://doi.org/10.3390/robotics10010032,crossref,classical control robotics,anti_myopia,anti_thesis,,13,force control; classical control robotics,2026-06-12T15:07:36Z,15.420,19.420
doi:10.1109/marss61851.2024.10612705,Vision-Based Fast Parameter Identification in Cell Membrane Force Model for Microinjection Micro-force Sensing,,2024,"2024 International Conference on Manipulation, Automation and Robotics at Small Scales (MARSS)",Zhong Chen; Xinyi Gao; Zengsheng Liang; Xianmin Zhang,10.1109/marss61851.2024.10612705,,https://doi.org/10.1109/marss61851.2024.10612705,crossref,vision language action model limitation robotics,hostile,failure,,,vision language action model; limitation,2026-06-12T15:07:36Z,14.400,19.400
doi:10.1109/lra.2021.3139675,Unified Method for Task-Space Motion/Force/Impedance Control of Manipulator With Unknown Contact Reaction Strategy,,2022,IEEE Robotics and Automation Letters,Yinjie Lin; Zheng Chen; Bin Yao,10.1109/lra.2021.3139675,,https://doi.org/10.1109/lra.2021.3139675,crossref,task and motion planning robotics,anti_myopia,classic,,35,impedance control; motion planning; task and motion planning,2026-06-12T15:07:36Z,15.392,19.392
doi:10.3389/frobt.2022.913930,An automatic drug injection device with spatial micro-force perception guided by an microscopic image for robot-assisted ophthalmic surgery,"Retinal vein injection guided by microscopic image is an innovative procedure for treating retinal vein occlusion. However, the retina organization is complex, fine, and weak, and the operation scale and force are small. Surgeons’ limited operation and force-sensing accuracy make it difficult to perform precise and stable drug injection operations on the retina in a magnified field of image vision. In this paper, a 3-DOF automatic drug injection mechanism was designed for microscopic image guiding robot-assisted needle delivery and automatic drug injection. Additionally, the robot-assisted real-time three-dimensional micro-force-sensing method for retinal vein injection was proposed. Based on the layout of three FBG sensors on the hollow outer wall of the nested needle tube in a circular array of nickel-titanium alloys, the real-time sensing of the contact force between the intraoperativ",2022,Frontiers in Robotics and AI,Zhen Li; Pan Fu; Bing-Ting Wei; Jie Wang; An-Long Li; Ming-Jun Li; Gui-Bin Bian,10.3389/frobt.2022.913930,,https://doi.org/10.3389/frobt.2022.913930,crossref,Gaussian splatting robot perception,concept,architecture,,6,Gaussian splatting robot perception; occlusion,2026-06-12T15:07:36Z,19.373,19.373
doi:10.3389/frobt.2021.631371,A Deep Learning Method for Vision Based Force Prediction of a Soft Fin Ray Gripper Using Simulation Data,"Soft robotic grippers are increasingly desired in applications that involve grasping of complex and deformable objects. However, their flexible nature and non-linear dynamics makes the modelling and control difficult. Numerical techniques such as Finite Element Analysis (FEA) present an accurate way of modelling complex deformations. However, FEA approaches are computationally expensive and consequently challenging to employ for real-time control tasks. Existing analytical techniques simplify the modelling by approximating the deformed gripper geometry. Although this approach is less computationally demanding, it is limited in design scope and can lead to larger estimation errors. In this paper, we present a learning based framework that is able to predict contact forces as well as stress distribution from soft Fin Ray Effect (FRE) finger images in real-time. These images are used to lea",2021,Frontiers in Robotics and AI,Daniel De Barrie; Manjari Pandya; Harit Pandya; Marc Hanheide; Khaled Elgeneidy,10.3389/frobt.2021.631371,,https://doi.org/10.3389/frobt.2021.631371,crossref,EBM transformer robotics soft robot manipulation,concept,architecture_x_embodiment,,40,EBM transformer robotics; robot manipulation; soft robot manipulation; occlusion,2026-06-12T15:07:36Z,19.357,19.357
doi:10.3389/fgene.2025.1641162,HyenaCircle: a HyenaDNA-based pretrained large language model for long eccDNA prediction,"Introduction Extrachromosomal circular DNA (eccDNA) represents a class of circular DNA molecules derived from chromosomes with diverse roles in disease. Long eccDNAs (typically 1–5 kb) pose detection challenges due to their large size, hindering functional studies. We propose HyenaCircle, a novel deep learning model leveraging large language model and third-generation sequencing data to predict long eccDNA formation. Methods Full-length eccDNAs within 1–5 kb were identified by FLED algorithm for Nanopore sequencing data, extended by 100-bp flanking sequences, and paired with 20,000 length-matched negative controls from eccDNA-depleted genomic regions. HyenaCircle was built by adapting the pretrained HyenaDNA model with a designed classifier head. The strategies of data augmentation, regularization and class imbalance weighting were applied to increase model robustness. Results HyenaCircl",2025,Frontiers in Genetics,Fuyu Li; Wenxiang Lu; Yunfei Bai,10.3389/fgene.2025.1641162,,https://doi.org/10.3389/fgene.2025.1641162,crossref,large language model limitation robot planning,anti_myopia,anti_thesis,,4,limitation; robustness; ablation; large language model limitation robot planning,2026-06-12T15:07:36Z,12.355,19.355
doi:10.1016/j.isatra.2018.12.031,Stable force control and contact transition of a single link flexible robot using a fractional-order controller,,2019,ISA Transactions,Daniel Feliu-Talegón; V. Feliú; Inés Tejado; Blas M. Vinagre; S. Hassan HosseinNia,10.1016/j.isatra.2018.12.031,,https://doi.org/10.1016/j.isatra.2018.12.031,openalex,energy based model robot learning,concept,ebm,,44,force control,2026-06-12T18:26:24Z,19.353,19.353
doi:10.15607/rss.2022.xviii.070,Action Conditioned Tactile Prediction: case study on slip prediction,,2022,Robotics: Science and Systems XVIII,Willow Mandil; Kiyanoush Nazari; Amir Ghalamzan,10.15607/rss.2022.xviii.070,,https://doi.org/10.15607/rss.2022.xviii.070,crossref,world action model robotics,concept,wam,,13,world action model,2026-06-12T14:45:03Z,19.320,19.320
doi:10.1109/lra.2021.3061378,"Visiflex: A Low-Cost Compliant Tactile Fingertip for Force, Torque, and Contact Sensing",,2021,IEEE Robotics and Automation Letters,Alfonso J. Fernandez; Huan Weng; Paul B. Umbanhowar; Kevin M. Lynch,10.1109/lra.2021.3061378,,https://doi.org/10.1109/lra.2021.3061378,crossref,tactile language action robotics,concept,tactile,,19,,2026-06-12T15:07:36Z,19.298,19.298
doi:10.1016/j.engfailanal.2023.107719,A decay prediction model to minimise the risk of failure in timber balconies,,2024,Engineering Failure Analysis,Andrea Gaspari; Sebastiano Gianordoli; Ivan Giongo; Maurizio Piazza,10.1016/j.engfailanal.2023.107719,,https://doi.org/10.1016/j.engfailanal.2023.107719,crossref,robot foundation model failure mode,hostile,failure,,5,robot foundation model; failure mode,2026-06-12T15:07:36Z,15.296,19.296
doi:10.1109/lra.2025.3568616,Tactile Sensor-Based Estimation of Grasp Force and Contact State With Soft Fingers,,2025,IEEE Robotics and Automation Letters,Hun Jang; Joonbum Bae; Kevin Haninger,10.1109/lra.2025.3568616,,https://doi.org/10.1109/lra.2025.3568616,crossref,contact dynamics robot learning,concept,contact,,3,contact dynamics,2026-06-12T15:07:36Z,19.293,19.293
doi:10.1109/jsen.2025.3547369,Lightweight Knowledge Distillation-Based Surrogate Model for Wheel–Rail Dynamic Contact Force Prediction Using Hybrid CNN–LSTM–Transformer Networks,,2025,IEEE Sensors Journal,Zeyi Lin; Chongdu Cho,10.1109/jsen.2025.3547369,,https://doi.org/10.1109/jsen.2025.3547369,crossref,transformer energy based model robotics,concept,ebm_transformer,,3,energy based model robotics,2026-06-12T17:50:07Z,19.293,19.293
doi:10.64898/2025.12.03.25341576,GENPHIRE: Enhancing Disease Risk Prediction Using Large Language Model,"Abstract Background Estimating an individual’s liability to a disease is a fundamental problem in genome research. By exploiting findings from genome-wide association studies (GWASs), many powerful polygenic risk scores (PRSs) have been developed to predict disease risk based on genetic profile. Despite much success, the performance of PRS models is hindered by its inability to capture complex, nonlinear effects and interactions among variants. Results In this study, we introduce GENPHIRE or Genetic–Phenotypic Representation, a novel machine learning framework designed for disease risk prediction. The central idea in GENPHIRE is to translate an individual’s genotype profile to a “sentence” consist of basic clinical information together with an ordered list of top phenotypes for which the individual is found to have elevated number of risk alleles. After translation, the sentence is conve",,,Danwei Yao; Chang Liu; Shifan Yan; Jiayi Zhang; Yan V. Sun; Zhaohui S. Qin,10.64898/2025.12.03.25341576,,https://doi.org/10.64898/2025.12.03.25341576,crossref,large language model limitation robot planning,anti_myopia,anti_thesis,,,limitation; large language model limitation robot planning,2026-06-12T15:07:36Z,15.250,19.250
doi:10.1177/21695172251388226,Simultaneous Estimation of Shape and Body Contact Force for Continuum Robots Under Mixed External Geometric Constraints,"It is challenging to simultaneously estimate the shape and contact force of miniature continuum surgical robots due to the limited sensing capabilities, deformable structure, and complexity of the external environment they operate in. In this work, the integration of a quaternion-based multicontact Cosserat model with contact force regularization enables a dual-pronged approach for simultaneous shape and body contact force estimation using minimum shape measurement input (i.e., tip position). In addition to internal actuation, cable friction, and material nonlinearity, the proposed state estimation approach also accounts for multiple environmental contacts with clinically relevant mixed geometric constraints (point, plane, and curved surface), as these complex and variable anatomical interactions critically influence the robot’s behavior. The solving procedure is then reformulated as a n",2026,Soft Robotics,Jibiao Chen; Yiang Lu; Junyan Yan; Yun-Hui Liu; Shing Shin Cheng,10.1177/21695172251388226,,https://doi.org/10.1177/21695172251388226,crossref,geometric robotics,anti_myopia,anti_thesis,,1,surgical robot; state estimation; robustness; geometric robotics,2026-06-12T15:07:36Z,15.247,19.247
doi:10.1080/0886022x.2024.2324071,Machine learning model and nomogram to predict the risk of heart failure hospitalization in peritoneal dialysis patients,,2024,Renal Failure,Liping Xu; Fang Cao; Lian Wang; Weihua Liu; Meizhu Gao; Li Zhang; Fuyuan Hong; Miao Lin,10.1080/0886022x.2024.2324071,,https://doi.org/10.1080/0886022x.2024.2324071,crossref,robot world model failure,anti_myopia,anti_thesis,,11,robot world model; robot world model failure,2026-06-12T15:07:36Z,15.242,19.242
doi:10.1017/s0263574704001535,An Experimental Optical Three-axis Tactile Sensor for Micro-Robots,"This paper describes a micro-optical three-axis tactile sensor capable of sensing not only normal force, but also shearing force. The normal force was detected from the integrated gray-scale values of bright pixels emitted from the contact area of conical feelers. The conical feelers were formed on a rubber sheet surface that maintains contact with an optical waveguide plate. The shearing force was detected from horizontal displacement of the conical feeler. In the experiments, a precise multi-axial loading machine was developed to measure sensing characteristics of the present sensor. Results show that the normal force was specified uniquely under combined force conditions and that the shearing force was specified by modifying the relationship between the shearing force and the horizontal displacement on the basis of normal force. We formulated a set of expressions to derive the normal ",2005,Robotica,Masahiro Ohka; Yasunaga MITSUYA; Isamu Higashioka; Hisanori Kabeshita,10.1017/s0263574704001535,,https://doi.org/10.1017/s0263574704001535,openalex,robotics,concept,openalex_bulk_robotics,,79,,2026-06-12T18:57:17Z,19.241,19.241
doi:10.1109/robosoft55895.2023.10121967,"Soft Continuum Actuator Tip Position and Contact Force Prediction, Using Electrical Impedance Tomography and Recurrent Neural Networks",,2023,2023 IEEE International Conference on Soft Robotics (RoboSoft),Amirhosein Alian; George Mylonas; James Avery,10.1109/robosoft55895.2023.10121967,,https://doi.org/10.1109/robosoft55895.2023.10121967,crossref,neural simulator robotics,concept,architecture,,7,neural simulator robotics,2026-06-12T15:07:36Z,19.240,19.240
doi:10.3390/machines10090720,Risk Assessment Model-Guided Configuration Optimization for Free-Floating Space Robot Performing Contact Task,"The use of free-floating space robots for contact tasks is very promising in space exploration. However, severe damage or obvious disturbance may occur if inappropriate operation is implemented. In this paper, a novel risk assessment method is first proposed to give a clear description of the risk state before contact happens and provide guidance for configuration optimization to reduce risk on contact tasks. Firstly, the dynamics model of a free-floating space robot is given. On this basis, two important risk assessment indicators, the maximum contact force and the base attitude disturbance caused by contact, are derived. By integrating the risk assessment indicators, a novel risk assessment model is proposed for a free-floating space robot performing a contact task. It is a multidimensional and extensible risk assessment space which could give a clear description of the risk state befo",2022,Machines,Long Zhang; Shuquan Wang,10.3390/machines10090720,,https://doi.org/10.3390/machines10090720,crossref,contact dynamics robot learning,concept,contact,,4,contact dynamics,2026-06-12T15:07:36Z,19.205,19.205
arxiv:2606.09337v2,TORL-VLA: Tactile Guided Online Reinforcement Learning for Contact-Rich Manipulation,"Vision-Language-Action (VLA) models have become a powerful framework for robotic manipulation, and recent studies have introduced tactile or force feedback into VLAs to address contact-rich tasks. However, these models are typically deployed as offline policies. When contact conditions shift from the training distribution, the policy cannot perform online adaptation, leading to problems such as inappropriate contact forces and inefficient retries. Therefore, we propose TORL-VLA, a tactile-guided online reinforcement learning framework that couples tactile feedback with policy refinement for contact-rich manipulation. Our method introduces a tactile-derived wrench-aware VLA to predict reference actions and future wrench sequences, while a lightweight online RL module is used to refine the reference actions. To stabilize learning from mixed exploratory policy-generated and human-interventi",2026,arXiv,Huaihang Zheng; Yi Yang; Kai Ma; Shenglin Xu; Tian Xie; Guozheng Li; Xiangyu Wang; Yiren Ma; Si Liu; Yinian Mao; Baoxu Liu,,2606.09337v2,http://arxiv.org/abs/2606.09337v2,arxiv,contact rich manipulation learning,concept,contact,,,contact rich manipulation; online adaptation; long horizon,2026-06-12T14:45:03Z,19.200,19.200
arxiv:2602.12532v1,CRAFT: Adapting VLA Models to Contact-rich Manipulation via Force-aware Curriculum Fine-tuning,"Vision-Language-Action (VLA) models have shown a strong capability in enabling robots to execute general instructions, yet they struggle with contact-rich manipulation tasks, where success requires precise alignment, stable contact maintenance, and effective handling of deformable objects. A fundamental challenge arises from the imbalance between high-entropy vision and language inputs and low-entropy but critical force signals, which often leads to over-reliance on perception and unstable control. To address this, we introduce CRAFT, a force-aware curriculum fine-tuning framework that integrates a variational information bottleneck module to regulate vision and language embeddings during early training. This curriculum strategy encourages the model to prioritize force signals initially, before progressively restoring access to the full multimodal information. To enable force-aware learn",2026,arXiv,Yike Zhang; Yaonan Wang; Xinxin Sun; Kaizhen Huang; Zhiyuan Xu; Junjie Ji; Zhengping Che; Jian Tang; Jingtao Sun,,2602.12532v1,http://arxiv.org/abs/2602.12532v1,arxiv,contact rich manipulation learning,concept,contact,,,contact rich manipulation; teleoperation,2026-06-12T14:45:03Z,19.200,19.200
arxiv:2602.23648v1,FAVLA: A Force-Adaptive Fast-Slow VLA model for Contact-Rich Robotic Manipulation,"Force/torque feedback can substantially improve Vision-Language-Action (VLA) models on contact-rich manipulation, but most existing approaches fuse all modalities at a single operating frequency. This design ignores the mismatched sampling rates of real robot sensors, forcing downsampling of the high-frequency contact cues needed for reactive correction. Combined with common VLM-action-expert (AE) pipelines that execute action chunks largely open loop between expensive VLM updates, unified-frequency fusion often yields delayed responses to impacts, stick-slip, and force spikes. We propose FAVLA, a force-adaptive fast-slow VLA that decouples slow perception planning from fast contact-aware control. FAVLA runs a slow VLM at a fixed low frequency to encode modalities to produce latent representations and to predict near-future force variation. A fast AE then executes at a variable high freq",2026,arXiv,Yao Li; Peiyuan Tang; Wuyang Zhang; Chengyang Zhu; Yifan Duan; Weikai Shi; Xiaodong Zhang; Zijiang Yang; Jianmin Ji; Yanyong Zhang,,2602.23648v1,http://arxiv.org/abs/2602.23648v1,arxiv,contact rich manipulation learning,concept,contact,,,contact rich manipulation,2026-06-12T14:45:03Z,19.200,19.200
doi:10.1109/icra55743.2025.11127723,FeelAnyForce: Estimating Contact Force Feedback from Tactile Sensation for Vision-Based Tactile Sensors,,2025,2025 IEEE International Conference on Robotics and Automation (ICRA),Amir-Hossein Shahidzadeh; Gabriele M. Caddeo; Koushik Alapati; Lorenzo Natale; Cornelia Fermüler; Yiannis Aloimonos,10.1109/icra55743.2025.11127723,,https://doi.org/10.1109/icra55743.2025.11127723,crossref,tactile language action robotics,concept,tactile,,2,,2026-06-12T14:45:03Z,19.149,19.149
doi:10.1109/lra.2025.3604723,Learning-Based Slip Detection and Fine Control Using the Tactile Sensor for Robot Stable Grasping,,2025,IEEE Robotics and Automation Letters,Zhangyi Chen; Long Wang; Yao Luo; Xiaoling Li; Shuai Li,10.1109/lra.2025.3604723,,https://doi.org/10.1109/lra.2025.3604723,crossref,energy based model robot learning,concept,ebm,,2,,2026-06-12T15:07:36Z,19.149,19.149
doi:10.1109/lra.2026.3662618,FORTE: Tactile Force and Slip Sensing on Compliant Fingers for Delicate Manipulation,,2026,IEEE Robotics and Automation Letters,Siqi Shang; Mingyo Seo; Yuke Zhu; Lillian Chin,10.1109/lra.2026.3662618,,https://doi.org/10.1109/lra.2026.3662618,crossref,robot world models manipulation,concept,world_models,,2,robot world model,2026-06-12T15:07:36Z,19.149,19.149
doi:10.1080/01691864.2018.1525075,Stable impact and contact force control by UAV for inspection of floor slab of bridge,,2018,Advanced Robotics,Takahiro Ikeda; Shogo Yasui; Satoshi Minamiyama; Kenichi Ohara; Satoshi Ashizawa; Akihiko Ichikawa; Akihisa Okino; Takeo Oomichi; Toshio Fukuda,10.1080/01691864.2018.1525075,,https://doi.org/10.1080/01691864.2018.1525075,crossref,EBM transformer robotics contact rich manipulation,concept,architecture_x_embodiment,,45,EBM transformer robotics; contact rich manipulation; force control,2026-06-12T15:07:36Z,19.114,19.114
doi:10.1007/s41315-022-00260-0,Development of robotic hand tactile sensing system for distributed contact force sensing in robotic dexterous multimodal grasping,,2022,International Journal of Intelligent Robotics and Applications,Congcong Mu; Yancheng Wang; Deqing Mei; Shihang Wang,10.1007/s41315-022-00260-0,,https://doi.org/10.1007/s41315-022-00260-0,crossref,tactile language action robotics,concept,tactile,,8,,2026-06-12T15:07:36Z,19.099,19.099
doi:10.1109/access.2020.3039789,Surrounding Vehicles Motion Prediction for Risk Assessment and Motion Planning of Autonomous Vehicle in Highway Scenarios,,2020,IEEE Access,Lijun Zhang; Wei Xiao; Zhuang Zhang; Dejian Meng,10.1109/access.2020.3039789,,https://doi.org/10.1109/access.2020.3039789,crossref,sampling based motion planning,anti_myopia,anti_thesis,,41,motion planning; sampling based motion planning,2026-06-12T15:07:36Z,15.069,19.069
doi:10.1109/3516.914388,Intrinsic tactile sensing for the optimization of force distribution in a pipe crawling robot,"Describes a tactile sensing system based on a force/torque sensor for the feet of a pipe crawling robot. Such a sensing system is needed for better optimization of force and joint load distribution and a safer avoidance of the risk of foot slippage. While conventional tactile sensing devices typically provide information concerning the spatial distribution of normal pressures, the intrinsic contact sensing system presented in this text only measures the three components of the contact force and two components of the resultant torque. These five parameters are shown to be sufficient to estimate the location of the contact point and hence the orientation of the local contact surface. Such information can then be used by the crawler's control system for the real-time computation of an optimized foot force distribution. The intrinsic tactile sensing method has been experimentally tested on a",2001,IEEE/ASME Transactions on Mechatronics,José A. Gálvez; P. González de Santos; Friedrich Pfeiffer,10.1109/3516.914388,,https://doi.org/10.1109/3516.914388,openalex,robotics,concept,openalex_bulk_robotics,,55,,2026-06-12T18:57:17Z,19.063,19.063
doi:10.18196/jrc.v6i1.22258,Advancements in Artificial Intelligence Techniques for Diabetes Prediction: A Comprehensive Literature Review,"Diabetes mellitus (DM) is a chronic condition requiring lifelong management due to inadequate insulin secretion or inefficacy of insulin. Its global prevalence has led to extensive research focusing on diagnosis, prevention, and treatment. The developments in artificial intelligence (AI) have improved diabetes management and prediction. This paper provides a comprehensive review of the contributions of machine learning (ML) algorithms in predicting and classifying diabetes. The review examines research on artificial intelligence techniques used to predict diabetes over the past six years, intending to identify the latest innovations and trends in this field. This time frame reflects recent methodological advances and new applications that exemplify the current state of artificial intelligence in diabetes prediction. It covers dataset selection, preprocessing, AI algorithms application, a",2025,Journal of Robotics and Control (JRC),Emad Majeed Hameed; Hardik Joshi; Qusay Kanaan Kadhim,10.18196/jrc.v6i1.22258,,https://doi.org/10.18196/jrc.v6i1.22258,crossref,classical control robotics,anti_myopia,anti_thesis,,9,limitation; robustness; classical control robotics,2026-06-12T15:07:36Z,13.051,19.051
doi:10.1109/tro.2020.3005547,Jerk Control of Floating Base Systems With Contact-Stable Parameterized Force Feedback,,2021,IEEE Transactions on Robotics,Ahmad Gazar; Gabriele Nava; Francisco Javier Andrade Chavez; Daniele Pucci,10.1109/tro.2020.3005547,,https://doi.org/10.1109/tro.2020.3005547,crossref,contact dynamics robot learning,concept,contact,,10,contact dynamics,2026-06-12T15:07:36Z,18.999,18.999
doi:10.1007/s13369-022-06763-z,Contact Wrench Cone-Based Stable Gait Generation and Contact Slip Estimation of a 12-DoF Biped Robot,,2022,Arabian Journal for Science and Engineering,M. G. Navaneeth; A. P. Sudheer; M. L. Joy,10.1007/s13369-022-06763-z,,https://doi.org/10.1007/s13369-022-06763-z,crossref,contact dynamics robot learning,concept,contact,,6,contact dynamics,2026-06-12T15:07:36Z,18.973,18.973
doi:10.1109/tmech.2023.3276220,Force Control of a Grinding Robotic Manipulator With Floating Base Via Model Prediction Optimization Control,"In this article, a grinding robot for large area and an impedance-based force control method applied to the robot are described. With the development of science and technology, the demand for various industrial robots increased, and among them, the demand and importance of grinding robots that require high risk and precision increased. In particular, research on grinding robots targeting large areas has not been conducted relatively, and accordingly, the design and control mechanism of robots specialized in large areas was needed. A robot consisting of a manipulator and a grinding module with a 2-DOF parallel structure is proposed as the design of a new grinding robot. The control method is based on impedance force control mainly used in existing grinding robots, but to overcome the limitations of using only impedance control, the impedance control via model-based prediction optimization",2023,IEEE/ASME Transactions on Mechatronics,Changkook Seo; H. J. Kim; Hongjoo Jin; Taegyun Kim; TaeWon Seo,10.1109/tmech.2023.3276220,,https://doi.org/10.1109/tmech.2023.3276220,openalex,robotics,concept,openalex_bulk_robotics,,27,industrial robot; force control; impedance control; limitation,2026-06-12T18:57:17Z,17.966,18.966
doi:10.21203/rs.3.rs-9728440/v1,Trustworthy LLM-Embedding Clinical Prediction: Calibrating Confidence and Transparency for Foundation Model-Based Disease Risk Scores,"Abstract Objective Clinical adoption of AI-driven disease prediction systems is constrained not by discriminative performance but by the absence of principled mechanisms for clinicians to assess prediction reliability and determine when to override model outputs. We developed and evaluated a calibrated composite trust scoring framework that integrates classifier confidence, embedding-space similarity to known positive cases, and objective data-richness transparency into a single score governing transparency-conditioned clinician override decisions for structured electronic health record (EHR) prediction. Materials and Methods We evaluated the framework on the MIMIC-III cardiovascular disease cohort (43,125 admissions; 31.5% heart failure prevalence) using inference-only embeddings from three open-weight large language models (LLMs) spanning a 12-fold parameter range (Qwen3-Embedding-0.6B",,,Yunguo Yu,10.21203/rs.3.rs-9728440/v1,,https://doi.org/10.21203/rs.3.rs-9728440/v1,crossref,robot foundation model failure mode,hostile,failure,,,robot foundation model; failure mode; ablation; deployment,2026-06-12T15:07:36Z,12.950,18.950
doi:10.1080/00423114.2025.2606345,Real-time prediction of high-speed rail pantograph-catenary contact force using deep learning framework,,2026,Vehicle System Dynamics,Laha Ale; Yang Song; Zhigang Liu; Huanlai Xing; Hongbin Liang,10.1080/00423114.2025.2606345,,https://doi.org/10.1080/00423114.2025.2606345,crossref,contact dynamics robot learning,concept,contact,,1,contact dynamics,2026-06-12T14:45:03Z,18.947,18.947
doi:10.1007/s41315-025-00494-8,Application of robot stable contact force control in wall grinding within the construction field,,2026,International Journal of Intelligent Robotics and Applications,Tiejun Li; Mingwei Zhou; Jinyue Liu; Xiaohui Jia; Shaolong Zhang; Yi Wu,10.1007/s41315-025-00494-8,,https://doi.org/10.1007/s41315-025-00494-8,crossref,contact dynamics robot learning,concept,contact,,1,contact dynamics; force control,2026-06-12T15:07:36Z,18.947,18.947
